playerId,name,prior_team,target_age,ref_age,seasons,sample_shots,rookie,sample_starts,start_history,sample_save_pct,rate_ga_per_shot,rate_sa_per_60,rate_relief_per_start,rate_so_per_start,claim_starts,on_roster,team,camp,camp_team,edited,lock_sv,lock_starts,fixed_starts,lock_gp,fixed_gp,lock_minutes,fixed_minutes,lock_wins,fixed_wins,lock_shutouts,fixed_shutouts,lock_shots_against,fixed_shots_against,lock_goals_against,fixed_goals_against,status,unc_starts,unc_gp,unc_minutes,unc_shots_against,unc_goals_against,unc_save_pct,claim_start_share,proj_starts,claim_relief,proj_relief,proj_gp,claim_minutes,proj_minutes,min_per_gp,claim_shots_against,proj_shots_against,claim_goals_against,proj_goals_against,quality,claim_wins,proj_wins,claim_shutouts,proj_shutouts,proj_saves,proj_save_pct,proj_gaa,proj_otl,proj_losses,wins_p10,wins_p90,saves_p10,saves_p90,shutouts_p10,shutouts_p90,starts_p10,starts_p90,save_pct_p10,save_pct_p90,gaa_p10,gaa_p90,act_starts,ros_starts,ros_starts_p10,ros_starts_p90,act_relief,ros_relief,act_gp,ros_gp,act_minutes,ros_minutes,act_wins,ros_wins,ros_wins_p10,ros_wins_p90,act_losses,ros_losses,act_otl,ros_otl,act_shutouts,ros_shutouts,ros_shutouts_p10,ros_shutouts_p90,act_saves,ros_saves,ros_saves_p10,ros_saves_p90,act_shots_against,ros_shots_against,act_goals_against,ros_goals_against,season_frac_played
8476883,Andrei Vasilevskiy,TBL,32.5,30.9,4,4736.0,False,3.0,176.0,0.9126,0.09331208989418674,27.38904267702872,0.0,0.05268136915068374,51.6,True,TBL,False,,False,False,False,,False,,False,,False,,False,,False,,False,,roster,71.0,71.0,4044.4,1825.9,170.8,0.9067,0.6,54.6,0.0,0.0,54.6,3025.1,3201.0,58.6,1380.9,1410.8,126.0,136.3,1.092,28.2,34.1,3.0,2.8,1274.5,0.9034,2.55,5.9,14.6,20.5,50.4,1177.7,1374.3,1.1,5.0,46.9,67.0,0.8849,0.9219,2.07,3.04,3.0,51.6,43.9,64.0,0.0,0.0,3.0,51.6,175.9,3025.1,2.0,32.1,18.5,48.4,1.0,13.6,0.0,5.9,0.0,2.8,1.1,5.0,54.0,1220.5,1123.7,1320.3,60.0,1350.8,6.0,130.3,0.039
8482661,Jesper Wallstedt,MIN,24.2,23.2,4,1233.0,False,3.0,41.0,0.9134,0.09385243015675505,28.67144806218929,0.05259203606311045,0.0875094928824498,54.1,True,MIN,False,,False,False,False,,False,,False,,False,,False,,False,,False,,roster,68.6,72.0,4111.5,1952.0,181.2,0.9061,0.7,57.1,2.8,1.9,59.1,3223.3,3406.9,57.6,1540.3,1648.0,147.6,146.5,1.086,29.4,33.3,5.1,3.5,1501.5,0.9111,2.58,7.2,16.6,19.9,49.3,1396.5,1609.5,1.6,6.0,52.2,68.0,0.8926,0.9296,2.04,3.12,3.0,54.1,49.2,65.0,0.0,1.9,3.0,56.1,183.6,3223.3,2.0,31.3,17.9,47.3,0.0,16.6,1.0,6.2,0.0,3.5,1.6,6.0,70.0,1431.5,1326.5,1539.5,75.0,1573.0,5.0,141.5,0.039
8479406,Filip Gustavsson,MIN,28.7,27.0,3,4353.0,False,49.0,150.0,0.9068,0.09867420565217307,28.5895617744459,0.016573143876559074,0.06841355425434487,59.0,False,FA,False,,False,False,False,,False,,False,,False,,False,,False,,False,,unsigned,59.0,60.0,3414.9,1627.2,160.6,0.9013,0.0,59.0,1.0,1.0,60.0,3485.2,3485.2,58.1,1660.7,1660.7,163.9,163.9,1.033,30.5,30.5,4.2,4.2,1496.8,0.9013,2.82,6.8,21.8,17.3,46.3,1389.5,1607.3,2.0,6.9,49.2,65.0,0.882,0.9207,2.27,3.37,0.0,59.0,49.2,65.0,0.0,1.0,0.0,60.0,0.0,3485.2,0.0,30.5,17.3,46.3,0.0,21.8,0.0,6.8,0.0,4.2,2.0,6.9,0.0,1496.8,1389.5,1607.3,0.0,1660.7,0.0,163.9,0.039
8478406,Mackenzie Blackwood,COL,30.1,28.4,4,3922.0,False,2.0,132.0,0.9062,0.09943708974571269,28.455351271992992,0.06920836859007666,0.0632020313876354,38.1,True,COL,False,,False,False,False,,False,,False,,False,,False,,False,,False,,roster,52.9,56.4,3215.2,1524.9,151.0,0.9006,0.5,40.1,2.6,2.1,42.2,2287.2,2407.2,57.0,1084.7,1110.2,104.7,110.1,1.025,19.5,28.1,2.5,2.2,1000.1,0.9008,2.74,4.4,7.6,16.2,42.7,915.0,1088.2,0.8,4.1,24.4,59.2,0.8825,0.9192,2.24,3.25,2.0,38.1,22.4,57.2,0.0,2.1,2.0,40.2,120.0,2287.2,2.0,26.1,14.2,40.7,0.0,7.6,0.0,4.4,0.0,2.2,0.8,4.1,52.0,948.1,863.0,1036.2,57.0,1053.2,5.0,105.1,0.039
8479394,Carter Hart,VGK,28.5,26.9,3,1222.0,False,3.0,46.0,0.896,0.10511708139259925,27.701499673908145,0.011685393258426966,0.026451607875823027,44.8,True,VGK,False,,False,False,False,,False,,False,,False,,False,,False,,False,,roster,67.0,67.8,3863.0,1774.5,186.9,0.8949,0.6,47.8,0.5,4.0,51.7,2729.4,2907.0,56.2,1260.1,1264.2,125.2,135.9,0.97,21.7,28.0,1.1,1.8,1128.3,0.8925,2.8,5.1,14.7,16.0,42.5,1038.2,1221.7,0.6,3.4,34.0,64.3,0.8743,0.9107,2.33,3.28,3.0,44.8,31.0,61.3,0.0,4.0,3.0,48.7,177.6,2729.4,2.0,26.0,14.0,40.5,1.0,13.7,0.0,5.1,0.0,1.8,0.6,3.4,65.0,1063.4,973.2,1156.7,73.0,1191.2,8.0,127.9,0.039
8483548,Brandon Bussi,CAR,28.6,27.7,2,979.0,False,3.0,42.0,0.8907,0.1073407681839728,26.98621379734961,0.0,0.04801180049219542,42.6,True,CAR,False,,False,False,False,,False,,False,,False,,False,,False,,False,,roster,71.0,71.0,4053.5,1807.0,196.8,0.8927,0.5,45.6,0.0,0.0,45.6,2495.5,2680.5,58.8,1122.4,1118.3,112.8,130.2,0.95,20.2,28.0,1.9,2.0,988.1,0.8836,2.91,5.9,11.7,15.8,42.8,903.8,1075.5,0.7,3.8,31.8,63.2,0.8654,0.9018,2.46,3.37,3.0,42.6,28.8,60.2,0.0,0.0,3.0,42.6,184.9,2495.5,1.0,27.0,14.8,41.8,1.0,10.7,1.0,4.9,0.0,2.0,0.7,3.8,57.0,931.1,846.8,1018.5,67.0,1051.3,10.0,120.2,0.039
8480843,Lukas Dostal,ANA,26.6,25.0,4,4509.0,False,2.0,144.0,0.8958,0.1037394073282158,29.27860919885395,0.06448565042596133,0.025628058490389856,51.4,True,ANA,False,,False,False,False,,False,,False,,False,,False,,False,,False,,roster,61.6,65.5,3733.5,1822.5,187.7,0.8963,0.6,53.4,3.3,2.7,56.0,3080.4,3204.1,57.2,1503.2,1542.3,153.7,156.6,0.983,25.2,27.0,1.3,2.4,1385.7,0.8985,2.93,5.9,20.5,15.3,41.2,1284.6,1489.9,0.9,4.3,45.3,65.9,0.8799,0.9171,2.39,3.47,2.0,51.4,43.3,63.9,0.0,2.7,2.0,54.0,123.7,3080.4,2.0,25.0,13.3,39.2,0.0,20.5,0.0,5.9,0.0,2.4,0.9,4.3,56.0,1329.7,1228.6,1433.9,61.0,1481.3,5.0,151.6,0.039
8476999,Linus Ullmark,OTT,33.5,31.9,4,3673.0,False,2.0,133.0,0.9016,0.10293095507084007,27.76043274607042,0.010932927592697518,0.060516518318439357,40.3,True,OTT,False,,False,False,False,,False,,False,,False,,False,,False,,False,,roster,50.4,50.9,2883.2,1326.7,134.5,0.8971,0.5,42.3,0.4,0.5,42.8,2373.2,2473.2,57.8,1098.0,1055.6,104.6,109.6,0.99,19.9,26.9,2.4,2.8,946.0,0.8962,2.66,4.6,10.8,15.3,41.1,862.8,1032.3,1.1,4.9,28.4,61.0,0.8775,0.9148,2.18,3.14,2.0,40.3,26.4,59.0,0.0,0.5,2.0,40.8,100.0,2373.2,2.0,24.9,13.3,39.1,0.0,10.8,0.0,4.6,0.0,2.8,1.1,4.9,37.0,909.0,825.8,995.3,39.0,1016.6,2.0,107.6,0.039
8479979,Jake Oettinger,DAL,28.1,26.4,4,4494.0,False,2.0,167.0,0.9042,0.0989504337597582,27.53874203796391,0.0030144021435748575,0.05859410643008916,44.6,True,DAL,False,,False,False,False,,False,,False,,False,,False,,False,,False,,roster,63.1,63.2,3602.2,1634.0,160.2,0.901,0.6,46.6,0.1,0.2,46.8,2616.8,2735.0,58.4,1201.0,1201.1,115.4,120.1,1.03,23.0,26.7,2.7,3.6,1081.0,0.9,2.63,5.1,14.8,14.8,41.1,991.5,1173.6,2.0,5.7,32.8,63.2,0.8812,0.9188,2.14,3.13,2.0,44.6,30.8,61.2,0.0,0.2,2.0,44.8,118.3,2616.8,1.0,25.7,13.8,40.1,1.0,13.8,0.0,5.1,1.0,2.6,1.0,4.7,33.0,1048.0,958.5,1140.6,35.0,1166.1,2.0,118.1,0.039
8480313,Logan Thompson,WSH,29.9,28.4,4,4090.0,False,1.0,143.0,0.9112,0.09526999189602513,28.067355424168564,0.020804438280166433,0.05281993733916722,45.7,True,WSH,False,,False,False,False,,False,,False,,False,,False,,False,,False,,roster,37.8,38.6,2197.6,1033.0,97.3,0.9047,0.6,46.7,0.9,2.0,48.6,2728.1,2788.0,57.4,1276.2,1328.4,123.4,123.8,1.07,24.4,25.8,2.6,2.3,1204.6,0.9068,2.66,5.2,15.6,14.2,40.0,1109.8,1302.6,0.9,4.3,32.9,62.7,0.8879,0.9257,2.12,3.2,1.0,45.7,31.9,61.7,0.0,2.0,1.0,47.6,59.9,2728.1,1.0,24.8,13.2,39.0,0.0,15.6,0.0,5.2,0.0,2.3,0.9,4.3,31.0,1173.6,1078.8,1271.6,33.0,1295.4,2.0,121.8,0.039
8482487,Jakub Dobes,MTL,25.7,24.6,3,1717.0,False,3.0,60.0,0.9002,0.1006124247712874,28.3393100292021,0.030616246498599436,0.02696978368547273,46.3,True,MTL,False,,False,False,False,,False,,False,,False,,False,,False,,False,,roster,71.0,73.1,4162.9,1973.2,202.5,0.8994,0.6,49.3,1.4,2.2,51.4,2769.3,2945.2,57.3,1308.0,1392.0,131.0,142.7,1.013,23.4,25.7,1.3,1.9,1249.3,0.8975,2.91,6.3,17.3,14.1,39.8,1154.5,1347.2,0.6,3.6,35.5,65.0,0.8794,0.9156,2.39,3.42,3.0,46.3,32.5,62.0,0.0,2.2,3.0,48.4,175.9,2769.3,1.0,24.7,13.1,38.8,1.0,16.3,1.0,5.3,0.0,1.9,0.6,3.6,77.0,1172.3,1077.5,1270.2,90.0,1302.0,13.0,129.7,0.039
8478872,Karel Vejmelka,UTA,30.7,29.1,4,4293.0,False,3.0,154.0,0.8989,0.10584738346384523,27.58950576141472,0.042626669105542345,0.04032348880388373,44.4,True,UTA,False,,False,False,False,,False,,False,,False,,False,,False,,False,,roster,71.0,73.9,4211.9,1923.7,202.3,0.8942,0.6,47.4,1.9,0.6,48.0,2617.8,2796.2,58.3,1203.7,1241.5,124.1,132.0,0.963,21.4,25.5,1.7,3.7,1109.5,0.8937,2.83,5.1,16.8,14.3,39.3,1020.1,1202.1,2.1,5.9,33.6,64.1,0.8754,0.912,2.34,3.32,3.0,44.4,30.6,61.1,0.0,0.6,3.0,45.0,178.4,2617.8,2.0,23.5,12.3,37.3,1.0,15.8,0.0,5.1,1.0,2.7,1.1,4.9,63.0,1046.5,957.1,1139.1,69.0,1172.5,6.0,126.0,0.039
8478009,Ilya Sorokin,NYI,31.5,29.8,4,5109.0,False,2.0,171.0,0.9078,0.09613011215168132,28.98756813251539,0.017498769934300017,0.07885341351145886,51.0,True,NYI,False,,False,False,False,,False,,False,,False,,False,,False,,False,,roster,55.2,56.2,3200.1,1552.1,145.1,0.9039,0.6,53.0,0.9,2.8,55.7,3061.6,3179.5,57.1,1479.1,1517.3,139.8,141.5,1.06,27.0,25.5,4.3,3.7,1375.8,0.9067,2.67,5.9,21.6,14.0,39.6,1275.4,1479.5,2.1,5.9,44.5,65.8,0.8882,0.9253,2.14,3.2,2.0,51.0,42.5,63.8,0.0,2.8,2.0,53.7,117.9,3061.6,1.0,24.5,13.0,38.6,1.0,20.6,0.0,5.9,1.0,2.7,1.1,4.9,61.0,1314.9,1214.4,1418.5,63.0,1454.3,2.0,139.5,0.039
8475809,Scott Wedgewood,COL,34.5,32.9,3,2515.0,False,43.0,93.0,0.9149,0.09184217988272053,27.232965733593634,0.07076341722096183,0.06666393256779964,34.0,True,COL,False,,False,False,False,,False,,False,,False,,False,,False,,False,,roster,35.3,37.8,2149.1,975.4,89.6,0.9082,0.4,34.0,2.4,1.9,36.0,2044.7,2044.7,56.8,928.1,901.1,82.8,83.1,1.11,18.9,25.3,2.5,2.2,818.0,0.9078,2.44,3.9,4.8,13.5,39.6,739.1,900.0,0.8,4.1,15.1,53.7,0.8884,0.9271,1.93,2.95,0.0,34.0,15.1,53.7,0.0,1.9,0.0,36.0,0.0,2044.7,0.0,25.3,13.5,39.6,0.0,4.8,0.0,3.9,0.0,2.2,0.8,4.1,0.0,818.0,739.1,900.0,0.0,901.1,0.0,83.1,0.039
8482982,Jet Greaves,CBJ,25.8,24.6,4,2262.0,False,2.0,74.0,0.9104,0.09362899954064505,28.516590674975845,0.03639314403138427,0.04981586229999345,47.6,True,CBJ,False,,False,False,False,,False,,False,,False,,False,,False,,False,,roster,53.6,55.5,3161.7,1502.7,142.4,0.9064,0.6,49.6,1.7,1.1,50.7,2815.6,2935.6,57.9,1338.2,1415.5,127.2,132.8,1.089,25.9,25.0,2.6,2.6,1282.7,0.9062,2.71,5.5,19.1,13.6,38.9,1185.5,1383.1,1.0,4.7,37.2,64.5,0.8876,0.9248,2.18,3.25,2.0,47.6,35.2,62.5,0.0,1.1,2.0,48.7,120.0,2815.6,1.0,24.0,12.6,37.9,1.0,18.1,0.0,5.5,0.0,2.6,1.0,4.7,50.0,1232.7,1135.5,1333.1,57.0,1358.5,7.0,125.8,0.039
8480280,Jeremy Swayman,BOS,28.2,26.6,4,4571.0,False,3.0,158.0,0.9033,0.0996861745781076,28.7076132452592,0.01221201008835043,0.05569344716562597,45.8,True,BOS,False,,False,False,False,,False,,False,,False,,False,,False,,False,,roster,71.0,71.8,4098.2,1954.6,193.8,0.9003,0.6,48.8,0.6,4.0,52.8,2790.1,2972.5,56.3,1334.9,1458.7,137.3,139.7,1.023,23.4,24.6,2.6,3.7,1319.0,0.9042,2.82,5.3,19.0,13.6,38.0,1221.2,1419.8,2.1,5.9,35.0,64.8,0.886,0.9225,2.28,3.36,3.0,45.8,32.0,61.8,0.0,4.0,3.0,49.8,182.4,2790.1,2.0,22.6,11.6,36.0,1.0,18.0,0.0,5.3,1.0,2.7,1.1,4.9,74.0,1245.0,1147.2,1345.8,81.0,1377.7,7.0,132.7,0.039
8478048,Igor Shesterkin,NYR,31.1,29.4,4,4877.0,False,4.0,171.0,0.9096,0.09673148094172761,28.6220327640099,0.0,0.05277370525410018,44.7,True,NYR,False,,False,False,False,,False,,False,,False,,False,,False,,False,,roster,72.0,72.0,4107.9,1940.4,185.5,0.9033,0.6,48.7,0.0,0.0,48.7,2616.7,2856.0,58.6,1248.2,1352.7,121.7,127.2,1.054,23.5,24.0,2.5,1.6,1225.5,0.906,2.67,5.1,19.6,13.5,36.9,1132.2,1322.0,0.5,3.1,34.9,65.2,0.888,0.924,2.16,3.18,4.0,44.7,30.9,61.2,0.0,0.0,4.0,44.7,239.4,2616.7,3.0,21.0,10.5,33.9,1.0,18.6,0.0,5.1,0.0,1.6,0.5,3.1,88.0,1137.6,1044.2,1234.0,95.0,1257.7,7.0,120.2,0.039
8481668,Arturs Silovs,PIT,25.9,24.7,4,1386.0,False,2.0,53.0,0.8838,0.10988970829872496,27.742742947255323,0.036062378167641324,0.05681953411195912,41.8,True,PIT,False,,False,False,False,,False,,False,,False,,False,,False,,False,,roster,49.7,51.4,2930.5,1342.8,147.7,0.8901,0.5,43.8,1.5,0.8,44.6,2469.2,2590.7,58.1,1141.7,1193.7,126.3,129.1,0.928,19.4,23.9,2.2,2.1,1064.6,0.8918,2.99,4.8,15.1,13.2,37.1,976.0,1156.2,1.3,3.3,30.0,61.8,0.8732,0.9105,2.47,3.51,2.0,41.8,28.0,59.8,0.0,0.8,2.0,42.6,121.6,2469.2,2.0,21.9,11.2,35.1,0.0,15.1,0.0,4.8,1.0,1.1,0.3,2.3,39.0,1025.6,937.0,1117.2,44.0,1149.7,5.0,124.1,0.039
8480981,Joel Hofer,STL,26.5,25.0,4,2891.0,False,2.0,100.0,0.9091,0.09396854192786026,28.27515844694962,0.0830682095463333,0.08447734847725463,47.7,True,STL,False,,False,False,False,,False,,False,,False,,False,,False,,False,,roster,55.5,59.9,3412.3,1596.3,147.9,0.906,0.6,49.7,4.0,3.2,52.9,2882.0,3000.2,56.7,1358.1,1390.7,126.5,129.7,1.085,25.9,23.1,4.4,3.9,1261.0,0.9067,2.59,5.5,21.1,12.3,36.4,1164.3,1360.9,2.2,6.1,37.5,64.6,0.888,0.9255,2.07,3.11,2.0,47.7,35.5,62.6,0.0,3.2,2.0,50.9,118.2,2882.0,1.0,22.1,11.3,35.4,1.0,20.1,0.0,5.5,1.0,2.9,1.2,5.1,42.0,1219.0,1122.3,1318.9,44.0,1346.7,2.0,127.7,0.039
8476434,John Gibson,DET,33.6,32.0,4,3687.0,False,3.0,132.0,0.9011,0.10329770948156582,28.56065049970113,0.014656118529357965,0.04479248459682318,44.8,True,DET,False,,False,False,False,,False,,False,,False,,False,,False,,False,,roster,67.5,68.4,3898.1,1843.7,190.0,0.8967,0.6,47.8,0.7,1.2,49.0,2654.5,2830.6,57.8,1263.6,1311.6,128.0,132.1,0.987,22.1,22.8,2.0,2.6,1179.5,0.8993,2.8,5.1,19.8,12.1,36.0,1087.1,1274.9,1.0,4.6,34.0,64.3,0.881,0.9176,2.29,3.31,3.0,44.8,31.0,61.3,0.0,1.2,3.0,46.0,176.1,2654.5,1.0,21.8,11.1,35.0,2.0,17.8,0.0,5.1,0.0,2.6,1.0,4.6,65.0,1114.4,1022.1,1209.9,72.0,1239.6,7.0,125.1,0.039
8478916,Joey Daccord,SEA,30.5,28.8,4,4359.0,False,3.0,150.0,0.903,0.10011072651395624,28.706176940008145,0.03681050326024018,0.04530679018818207,46.7,True,SEA,False,,False,False,False,,False,,False,,False,,False,,False,,False,,roster,70.2,72.7,4123.9,1975.8,196.9,0.8999,0.6,49.7,1.7,1.5,51.2,2775.3,2934.7,57.3,1327.8,1444.3,136.7,138.0,1.018,23.8,22.2,2.2,2.6,1306.3,0.9045,2.82,5.4,22.1,12.0,34.9,1209.0,1406.7,1.0,4.7,36.3,65.2,0.8862,0.9227,2.28,3.36,3.0,46.7,33.3,62.2,0.0,1.5,3.0,48.2,159.4,2775.3,2.0,20.2,10.0,32.9,1.0,21.1,0.0,5.4,0.0,2.6,1.0,4.7,72.0,1234.3,1137.0,1334.7,79.0,1365.3,7.0,131.0,0.039
8482221,Devon Levi,EDM,25.1,22.8,3,966.0,False,2.0,31.0,0.88,0.11039479894602934,28.667066645832957,0.09447821681864234,0.01944037192076685,37.4,True,EDM,False,,False,False,False,,False,,False,,False,,False,,False,,False,,roster,48.6,53.0,3021.1,1428.3,161.0,0.8896,0.5,39.4,3.5,3.0,42.5,2275.0,2394.4,56.3,1086.9,1102.8,117.1,122.2,0.923,17.3,22.2,0.7,1.0,980.6,0.8892,3.06,4.3,12.9,12.0,34.9,895.6,1068.7,0.2,2.1,23.2,58.6,0.8706,0.9078,2.55,3.58,2.0,37.4,21.2,56.6,0.0,3.0,2.0,40.5,119.5,2275.0,2.0,20.2,10.0,32.9,0.0,12.9,0.0,4.3,0.0,1.0,0.2,2.1,34.0,946.6,861.6,1034.7,42.0,1060.8,8.0,114.2,0.039
8480382,Alexandar Georgiev,COL,31.0,28.6,2,3087.0,False,47.0,109.0,0.8835,0.11778568431308876,28.76201016708849,0.03221330309450628,0.027014004459336275,51.2,False,FA,False,,False,False,False,,False,,False,,False,,False,,False,,False,,unsigned,51.2,52.8,3006.4,1441.2,169.8,0.8822,0.0,51.2,1.6,1.6,52.8,3043.5,3043.5,57.6,1458.9,1458.9,171.8,171.8,0.865,22.2,22.2,1.2,1.2,1287.1,0.8822,3.39,5.9,23.2,11.4,35.5,1187.7,1389.6,0.3,2.4,42.9,63.9,0.8629,0.9016,2.83,3.94,0.0,51.2,42.9,63.9,0.0,1.6,0.0,52.8,0.0,3043.5,0.0,22.2,11.4,35.5,0.0,23.2,0.0,5.9,0.0,1.2,0.3,2.4,0.0,1287.1,1187.7,1389.6,0.0,1458.9,0.0,171.8,0.039
8474596,Jake Allen,NJD,36.5,34.9,4,2993.0,False,2.0,100.0,0.9016,0.10123276847762748,28.596920708094405,0.03938731658498535,0.052215181698976335,43.7,True,NJD,False,,False,False,False,,False,,False,,False,,False,,False,,False,,roster,46.6,48.4,2758.1,1313.0,134.2,0.8988,0.5,45.7,1.7,1.2,46.8,2589.6,2710.4,57.9,1234.2,1257.6,121.6,129.6,1.007,22.0,21.8,2.3,2.1,1128.0,0.8969,2.87,5.0,18.8,11.5,34.7,1037.1,1222.0,0.7,3.8,31.9,62.7,0.8785,0.9154,2.36,3.38,2.0,43.7,29.9,60.7,0.0,1.2,2.0,44.8,120.9,2589.6,1.0,20.8,10.5,33.7,1.0,17.8,0.0,5.0,0.0,2.1,0.7,3.8,49.0,1079.0,988.1,1173.0,56.0,1201.6,7.0,122.6,0.039
8474593,Jacob Markstrom,FLA,37.0,35.3,4,3761.0,False,3.0,143.0,0.894,0.11290040779202991,27.12429683244277,0.010696053804391864,0.05303570455183402,41.3,True,FLA,False,,False,False,False,,False,,False,,False,,False,,False,,False,,roster,68.2,68.9,3938.8,1750.3,195.4,0.8871,0.5,44.3,0.4,0.3,44.6,2427.5,2616.1,58.7,1097.4,1163.9,125.2,130.4,0.903,18.7,20.7,2.0,2.8,1033.5,0.888,2.99,5.7,17.9,11.0,32.8,946.9,1123.2,1.6,4.4,30.5,62.6,0.8695,0.9064,2.5,3.48,3.0,41.3,27.5,59.6,0.0,0.3,3.0,41.6,188.6,2427.5,2.0,18.7,9.0,30.8,0.0,17.9,1.0,4.7,1.0,1.8,0.6,3.4,51.0,982.5,895.9,1072.2,55.0,1108.9,4.0,126.4,0.039
8481519,Spencer Knight,CHI,25.8,24.5,3,2686.0,False,3.0,94.0,0.9014,0.09958502611038438,28.32510686462603,0.01688888888888889,0.05117370525410018,48.5,True,CHI,False,,False,False,False,,False,,False,,False,,False,,False,,False,,roster,71.0,72.1,4112.7,1949.1,194.9,0.9004,0.6,51.5,0.8,1.2,52.7,2873.8,3052.6,57.9,1356.7,1486.7,138.9,143.6,1.024,24.8,20.2,2.5,2.5,1343.1,0.9034,2.82,5.6,25.8,10.3,32.5,1244.7,1444.6,0.9,4.5,40.2,65.9,0.8853,0.9216,2.29,3.35,3.0,48.5,37.2,62.9,0.0,1.2,3.0,49.7,178.8,2873.8,1.0,19.2,9.3,31.5,2.0,23.8,0.0,5.6,0.0,2.5,0.9,4.5,82.0,1261.1,1162.7,1362.6,92.0,1394.7,10.0,133.6,0.039
8480045,Ukko-Pekka Luukkonen,BUF,27.9,26.1,4,3927.0,False,2.0,142.0,0.8981,0.1039851581826203,27.998020911887412,0.022780748663101605,0.046456414701515514,36.3,True,BUF,False,,False,False,False,,False,,False,,False,,False,,False,,False,,roster,57.5,58.8,3350.8,1545.0,164.8,0.896,0.4,38.3,0.8,0.7,39.1,2147.3,2266.4,58.0,1002.0,1062.5,106.6,110.3,0.98,17.8,20.1,1.7,1.5,952.2,0.8962,2.92,4.2,14.1,10.3,32.3,868.3,1039.2,0.5,3.0,21.2,57.7,0.8775,0.9149,2.39,3.45,2.0,36.3,19.2,55.7,0.0,0.7,2.0,37.1,119.1,2147.3,1.0,19.1,9.3,31.3,1.0,13.1,0.0,4.2,0.0,1.5,0.5,3.0,29.0,923.2,839.3,1010.2,37.0,1025.5,8.0,102.3,0.039
8482137,Yaroslav Askarov,SJS,24.6,23.5,4,1820.0,False,3.0,63.0,0.8842,0.11059818406943092,29.032032444668356,0.02340823970037453,0.01944037192076685,42.2,True,SJS,False,,False,False,False,,False,,False,,False,,False,,False,,False,,roster,69.3,70.8,4045.2,1954.2,218.5,0.8894,0.5,45.2,1.0,0.8,46.0,2495.1,2681.5,58.3,1207.3,1308.6,135.1,141.1,0.922,19.5,20.0,0.8,1.5,1167.5,0.8922,3.16,4.9,20.4,10.6,31.9,1076.1,1262.1,0.4,3.0,31.5,63.0,0.8741,0.9102,2.63,3.69,3.0,42.2,28.5,60.0,0.0,0.8,3.0,43.0,186.4,2495.1,2.0,18.0,8.6,29.9,1.0,19.4,0.0,4.9,0.0,1.5,0.4,3.0,75.0,1092.5,1001.1,1187.1,87.0,1221.6,12.0,129.1,0.039
8477424,Juuse Saros,NSH,31.8,30.2,4,5234.0,False,3.0,184.0,0.8966,0.10722344474793333,28.996377393779728,0.0,0.03747315880601275,43.4,True,NSH,False,,False,False,False,,False,,False,,False,,False,,False,,False,,roster,71.0,71.0,4051.4,1966.6,209.5,0.8928,0.5,46.4,0.0,0.0,46.4,2544.9,2727.8,58.8,1229.9,1350.8,134.4,138.9,0.951,20.7,20.0,1.5,0.8,1211.9,0.8972,3.06,6.0,20.4,10.2,32.3,1119.1,1307.8,0.1,1.7,32.7,63.6,0.8792,0.9151,2.52,3.59,3.0,43.4,29.7,60.6,0.0,0.0,3.0,43.4,182.8,2544.9,1.0,19.0,9.2,31.3,1.0,19.4,1.0,5.0,0.0,0.8,0.1,1.7,88.0,1123.9,1031.1,1219.8,97.0,1253.8,9.0,129.9,0.039
8479361,Joseph Woll,PHI,28.6,27.0,4,3292.0,False,2.0,104.0,0.9039,0.10140724805677725,30.034054947959532,0.031472590084931855,0.04066453198450905,38.0,True,PHI,False,,False,False,False,,False,,False,,False,,False,,False,,False,,roster,57.6,59.4,3389.7,1717.9,171.7,0.8986,0.5,40.0,1.2,2.3,42.3,2286.5,2412.2,57.0,1144.6,1143.8,107.5,115.3,1.005,19.1,19.5,1.6,2.3,1028.5,0.8992,2.87,6.4,14.1,9.6,31.9,943.4,1116.8,0.9,4.3,24.1,59.1,0.8813,0.9171,2.36,3.38,2.0,38.0,22.1,57.1,0.0,2.3,2.0,40.3,125.6,2286.5,0.0,19.5,9.6,31.9,0.0,14.1,2.0,4.4,0.0,2.3,0.9,4.3,78.0,950.5,865.4,1038.8,84.0,1059.8,6.0,109.3,0.039
8481611,Pyotr Kochetkov,CAR,27.6,25.5,4,2410.0,False,1.0,96.0,0.9007,0.10220844474243512,26.82857957747198,0.03298192771084337,0.06127772131835721,27.7,True,CAR,False,,False,False,False,,False,,False,,False,,False,,False,,False,,roster,29.4,30.3,1732.3,764.5,78.3,0.8978,0.3,28.7,0.9,4.0,32.7,1730.8,1793.6,54.9,773.9,742.9,74.1,80.9,0.997,13.8,19.4,1.7,1.8,662.0,0.8911,2.71,3.2,6.1,9.8,31.4,592.1,734.9,0.6,3.4,8.1,47.2,0.8722,0.91,2.24,3.18,1.0,27.7,7.1,46.2,0.0,4.0,1.0,31.7,62.8,1730.8,1.0,18.4,8.8,30.4,0.0,6.1,0.0,3.2,0.0,1.8,0.6,3.4,16.0,645.9,576.1,718.9,18.0,724.9,2.0,78.9,0.039
8475311,Darcy Kuemper,LAK,36.7,35.2,4,3498.0,False,2.0,132.0,0.9,0.10796920258899437,27.185396498800984,0.011418685121107268,0.06117047572699523,40.5,True,LAK,False,,False,False,False,,False,,False,,False,,False,,False,,False,,roster,52.3,52.9,3012.8,1368.9,151.6,0.892,0.5,42.5,0.5,0.4,43.0,2386.0,2503.4,58.2,1081.1,1140.1,116.9,124.4,0.944,19.1,19.1,2.3,1.9,1015.7,0.8909,2.98,4.7,18.8,9.2,31.3,929.7,1104.8,0.6,3.5,28.8,61.2,0.8725,0.9093,2.48,3.48,2.0,40.5,26.8,59.2,0.0,0.4,2.0,41.0,117.4,2386.0,0.0,19.1,9.2,31.3,2.0,16.8,0.0,4.7,0.0,1.9,0.6,3.5,47.0,968.7,882.7,1057.8,57.0,1083.1,10.0,114.4,0.039
8481692,Dustin Wolf,CGY,25.8,24.3,4,3633.0,False,2.0,125.0,0.9002,0.10030328099037536,28.85133633895704,0.02828282828282828,0.04387673555713049,45.8,True,CGY,False,,False,False,False,,False,,False,,False,,False,,False,,False,,roster,64.8,66.5,3792.1,1824.8,189.1,0.8997,0.6,47.8,1.3,0.9,48.7,2707.7,2827.5,58.1,1302.0,1386.6,133.2,141.5,1.016,23.3,18.6,2.0,2.6,1245.1,0.898,3.0,5.3,24.0,8.9,30.6,1149.2,1344.1,1.0,4.7,34.0,63.8,0.8794,0.9165,2.46,3.55,2.0,45.8,32.0,61.8,0.0,0.9,2.0,46.7,119.8,2707.7,0.0,18.6,8.9,30.6,2.0,22.0,0.0,5.3,0.0,2.6,1.0,4.7,47.0,1198.1,1102.2,1297.1,59.0,1327.6,12.0,129.5,0.039
8476945,Connor Hellebuyck,WPG,33.7,32.0,3,5009.0,False,57.0,179.0,0.9101,0.09549077936792162,27.83244714931458,0.0056925996204933585,0.05516821144367278,37.6,True,WPG,False,,False,False,False,,False,,False,,False,,False,,False,,False,,roster,56.6,57.0,3240.8,1503.3,143.6,0.9045,0.5,37.6,0.2,1.5,39.1,2241.7,2241.7,57.3,1039.9,1055.6,100.8,101.8,1.067,20.0,17.7,2.2,2.2,953.8,0.9036,2.72,4.3,15.5,8.3,29.4,868.5,1042.2,0.8,4.0,21.4,56.7,0.8842,0.9229,2.18,3.27,0.0,37.6,21.4,56.7,0.0,1.5,0.0,39.1,0.0,2241.7,0.0,17.7,8.3,29.4,0.0,15.5,0.0,4.3,0.0,2.2,0.8,4.0,0.0,953.8,868.5,1042.2,0.0,1055.6,0.0,101.8,0.039
8476932,Anthony Stolarz,TOR,33.0,31.4,4,2399.0,False,2.0,84.0,0.9105,0.09662949988758895,28.61465149296833,0.04779668190282715,0.05461050904621123,36.3,True,TOR,False,,False,False,False,,False,,False,,False,,False,,False,,False,,roster,43.6,45.6,2604.9,1235.6,119.4,0.9034,0.5,38.3,1.7,3.4,41.7,2217.4,2340.6,56.1,1057.5,1235.3,114.3,113.5,1.055,19.2,17.7,2.1,1.3,1121.8,0.9081,2.91,4.2,16.5,9.0,28.6,1031.1,1215.6,0.4,2.7,21.1,57.7,0.8896,0.9267,2.32,3.5,2.0,36.3,19.1,55.7,0.0,3.4,2.0,39.7,123.1,2217.4,2.0,15.7,7.0,26.6,0.0,16.5,0.0,4.2,0.0,1.3,0.4,2.7,47.0,1074.8,984.1,1168.6,52.0,1183.3,5.0,108.5,0.039
8483703,Sergei Murashov,PIT,22.8,22.1,2,151.0,False,1.0,5.0,0.9007,0.10161959499447877,28.116451685400015,0.20833333333333334,0.14444037192076686,29.4,True,PIT,False,,False,False,False,,False,,False,,False,,False,,False,,False,,roster,24.0,28.8,1639.4,776.4,78.3,0.8984,0.4,30.4,6.1,3.2,33.6,1810.0,1867.3,55.6,848.2,889.1,86.8,88.3,1.003,14.8,16.7,4.3,2.2,800.8,0.9007,2.84,3.4,10.4,7.7,28.0,724.4,880.3,0.8,4.1,10.0,50.1,0.8821,0.9193,2.31,3.37,1.0,29.4,9.0,49.1,0.0,3.2,1.0,32.6,57.4,1810.0,0.0,16.7,7.7,28.0,1.0,9.4,0.0,3.4,0.0,2.2,0.8,4.1,32.0,768.8,692.4,848.3,35.0,854.1,3.0,85.3,0.039
8478435,Dan Vladar,PHI,29.5,28.0,4,2740.0,False,2.0,101.0,0.8999,0.10249827089040535,27.60857984857666,0.025538928204960797,0.029699705064112535,32.4,True,PHI,False,,False,False,False,,False,,False,,False,,False,,False,,False,,roster,52.6,53.9,3071.5,1432.4,149.3,0.8975,0.4,34.4,0.8,1.6,36.0,1939.8,2056.9,57.1,892.6,899.5,84.7,96.1,0.994,16.1,16.5,1.0,1.4,803.4,0.8932,2.8,3.7,14.2,7.5,27.7,728.4,881.4,0.4,2.9,15.0,54.1,0.8754,0.9109,2.34,3.27,2.0,32.4,13.0,52.1,0.0,1.6,2.0,34.0,117.1,1939.8,0.0,16.5,7.5,27.7,2.0,12.2,0.0,3.7,0.0,1.4,0.4,2.9,63.0,740.4,665.4,818.4,73.0,826.5,10.0,86.1,0.039
8479193,Casey DeSmith,DAL,35.5,33.8,4,2306.0,False,1.0,80.0,0.9075,0.09684727854455044,27.943728137288065,0.08708363395863396,0.04940068938108431,26.6,True,DAL,False,,False,False,False,,False,,False,,False,,False,,False,,False,,roster,25.0,27.1,1543.3,717.6,69.0,0.9032,0.3,27.6,2.3,3.8,31.4,1662.4,1720.8,54.8,774.2,777.7,72.8,76.5,1.053,14.0,15.7,1.4,1.3,701.2,0.9016,2.67,3.1,8.9,7.0,26.6,629.6,775.8,0.4,2.7,7.1,44.4,0.8829,0.9203,2.16,3.18,1.0,26.6,6.1,43.4,0.0,3.8,1.0,30.4,58.4,1662.4,0.0,15.7,7.0,26.6,1.0,7.9,0.0,3.1,0.0,1.3,0.4,2.7,24.0,677.2,605.6,751.8,26.0,751.7,2.0,74.5,0.039
8478007,Elvis Merzlikins,CBJ,32.8,31.0,3,3635.0,False,29.0,121.0,0.8898,0.11203640344243132,29.158982185315562,0.026020716516133368,0.03505280183044687,34.1,False,FA,False,,False,False,False,,False,,False,,False,,False,,False,,False,,unsigned,34.1,34.9,1987.7,966.0,108.2,0.888,0.0,34.1,0.9,0.9,34.9,2018.7,2018.7,57.8,981.0,981.0,109.9,109.9,0.91,15.5,15.5,1.1,1.1,871.1,0.888,3.27,3.9,14.6,6.9,26.4,789.7,955.7,0.3,2.2,15.2,53.7,0.8686,0.9073,2.7,3.83,0.0,34.1,15.2,53.7,0.0,0.9,0.0,34.9,0.0,2018.7,0.0,15.5,6.9,26.4,0.0,14.6,0.0,3.9,0.0,1.1,0.3,2.2,0.0,871.1,789.7,955.7,0.0,981.0,0.0,109.9,0.039
8478971,Connor Ingram,EDM,29.8,28.0,3,2782.0,False,30.0,100.0,0.8975,0.10649237463317782,28.008163543726592,0.04464912280701755,0.059387740341819484,32.1,False,FA,False,,False,False,False,,False,,False,,False,,False,,False,,False,,unsigned,32.1,33.6,1910.3,891.7,95.0,0.8935,0.0,32.1,1.4,1.4,33.6,1921.6,1921.6,57.2,897.0,897.0,95.5,95.5,0.957,15.4,15.4,1.8,1.8,801.5,0.8935,2.98,3.7,13.1,6.9,26.2,723.4,882.6,0.6,3.5,12.7,51.8,0.8742,0.9129,2.44,3.52,0.0,32.1,12.7,51.8,0.0,1.4,0.0,33.6,0.0,1921.6,0.0,15.4,6.9,26.2,0.0,13.1,0.0,3.7,0.0,1.8,0.6,3.5,0.0,801.5,723.4,882.6,0.0,897.0,0.0,95.5,0.039
8476341,Anton Forsberg,LAK,34.2,32.6,4,2510.0,False,1.0,87.0,0.9021,0.10091595926539014,28.09549836118246,0.1304919335733009,0.07693630240658658,30.7,True,LAK,False,,False,False,False,,False,,False,,False,,False,,False,,False,,roster,27.3,30.7,1752.6,816.2,84.8,0.8991,0.4,31.7,4.0,3.6,35.3,1893.1,1956.0,55.4,886.5,913.1,89.6,92.6,1.01,15.5,15.4,2.4,1.9,820.5,0.8986,2.84,4.5,11.7,6.9,26.3,742.4,901.5,0.6,3.6,11.7,51.4,0.8798,0.9174,2.31,3.37,1.0,30.7,10.7,50.4,0.0,3.6,1.0,34.3,62.9,1893.1,0.0,15.4,6.9,26.3,0.0,11.7,1.0,3.5,0.0,1.9,0.6,3.6,20.0,800.4,722.4,881.5,25.0,888.1,5.0,87.6,0.039
8478499,Adin Hill,VGK,30.7,28.9,4,2879.0,False,1.0,113.0,0.8951,0.10881440833779199,27.14690183600688,0.0,0.05505681027693123,25.6,True,VGK,False,,False,False,False,,False,,False,,False,,False,,False,,False,,roster,30.5,30.5,1736.7,778.6,84.5,0.8912,0.3,26.6,0.0,0.0,26.6,1496.9,1556.9,58.5,677.3,660.2,69.7,73.1,0.937,12.0,15.3,1.3,2.0,587.1,0.8893,2.82,2.9,8.3,7.2,25.7,521.7,655.6,0.7,3.8,6.1,41.7,0.8705,0.908,2.34,3.29,1.0,25.6,5.1,40.7,0.0,0.0,1.0,25.6,60.0,1496.9,1.0,14.3,6.2,24.7,0.0,8.3,0.0,2.9,0.0,2.0,0.7,3.8,18.0,569.1,503.7,637.6,20.0,640.2,2.0,71.1,0.039
8478492,Ilya Samsonov,VGK,29.9,27.5,2,1839.0,False,29.0,69.0,0.8904,0.11103072398724606,27.698561412106933,0.0,0.0622975147779097,33.4,False,FA,False,,False,False,False,,False,,False,,False,,False,,False,,False,,unsigned,33.4,33.4,1900.5,877.4,97.4,0.889,0.0,33.4,0.0,0.0,33.4,1956.8,1956.8,58.6,903.4,903.4,100.3,100.3,0.918,15.3,15.3,1.9,1.9,803.1,0.889,3.08,3.8,14.2,6.8,26.2,724.9,884.3,0.6,3.6,14.3,53.1,0.8696,0.9083,2.54,3.61,0.0,33.4,14.3,53.1,0.0,0.0,0.0,33.4,0.0,1956.8,0.0,15.3,6.8,26.2,0.0,14.2,0.0,3.8,0.0,1.9,0.6,3.6,0.0,803.1,724.9,884.3,0.0,903.4,0.0,100.3,0.039
8482657,Sebastian Cossa,UTA,24.2,23.5,2,33.0,False,1.0,1.0,0.9176,0.10136254227441878,28.05344085470377,0.4,0.01944037192076685,25.9,True,UTA,False,,False,False,False,,False,,False,,False,,False,,False,,False,,roster,20.0,27.6,1574.6,727.1,72.8,0.8986,0.3,26.9,10.4,3.4,30.3,1608.6,1668.6,55.1,752.1,751.6,74.3,76.4,1.006,13.0,15.3,0.5,0.8,675.2,0.8984,2.75,3.0,8.6,7.2,25.8,604.7,748.8,0.1,1.8,6.5,42.6,0.8795,0.9172,2.24,3.26,1.0,25.9,5.5,41.6,0.0,3.4,1.0,29.3,60.0,1608.6,1.0,14.3,6.2,24.8,0.0,8.6,0.0,3.0,0.0,0.8,0.1,1.8,18.0,657.2,586.7,730.8,19.0,732.6,1.0,75.4,0.039
8481033,Akira Schmid,FLA,26.7,25.4,4,1370.0,False,1.0,48.0,0.8954,0.10343226353435257,27.255149786191975,0.21880253902899297,0.05093805591459083,29.0,True,FLA,False,,False,False,False,,False,,False,,False,,False,,False,,False,,roster,28.0,33.9,1934.1,881.9,91.9,0.8966,0.4,30.0,6.3,3.7,33.7,1798.8,1862.1,55.3,817.1,857.7,85.4,90.2,0.986,14.3,14.3,1.5,1.3,767.5,0.8948,2.91,4.3,11.3,6.2,24.7,692.6,845.4,0.4,2.7,9.5,49.7,0.8762,0.9135,2.39,3.42,1.0,29.0,8.5,48.7,0.0,3.7,1.0,32.7,63.2,1798.8,0.0,14.3,6.2,24.7,0.0,11.3,1.0,3.3,0.0,1.3,0.4,2.7,28.0,739.5,664.6,817.4,32.0,825.7,4.0,86.2,0.039
8479312,Alex Lyon,BUF,34.1,32.4,3,3009.0,False,34.0,103.0,0.9032,0.10182365878271006,28.76416786367437,0.07833474632638353,0.058733623902762606,26.6,True,BUF,False,,False,False,False,,False,,False,,False,,False,,False,,False,,roster,32.4,34.9,1984.9,951.6,96.9,0.8982,0.3,26.6,2.1,1.9,28.5,1609.3,1609.3,56.5,771.5,789.6,80.4,77.1,1.001,13.3,14.3,1.6,1.4,712.5,0.9024,2.87,3.1,9.3,6.2,24.7,639.0,789.1,0.4,2.9,6.1,43.4,0.883,0.9217,2.31,3.44,0.0,26.6,6.1,43.4,0.0,1.9,0.0,28.5,0.0,1609.3,0.0,14.3,6.2,24.7,0.0,9.3,0.0,3.1,0.0,1.4,0.4,2.9,0.0,712.5,639.0,789.1,0.0,789.6,0.0,77.1,0.039
8479973,Stuart Skinner,WPG,28.3,26.6,4,4211.0,False,2.0,159.0,0.8943,0.10707142073693658,27.396590850742545,0.012965853118600917,0.046298748145239696,31.0,True,WPG,False,,False,False,False,,False,,False,,False,,False,,False,,False,,roster,58.8,59.5,3396.4,1560.5,166.0,0.8929,0.4,33.0,0.4,2.9,35.9,1892.3,2015.7,56.1,864.1,943.1,93.9,100.8,0.952,14.7,14.0,1.4,1.3,842.3,0.8931,3.0,4.6,14.4,6.4,23.8,765.2,922.5,0.4,2.7,13.1,52.7,0.8751,0.9111,2.5,3.51,2.0,31.0,11.1,50.7,0.0,2.9,2.0,33.9,123.4,1892.3,1.0,13.0,5.4,22.8,0.0,14.4,1.0,3.6,0.0,1.3,0.4,2.7,60.0,782.3,705.2,862.5,66.0,877.1,6.0,94.8,0.039
8475683,Sergei Bobrovsky,TOR,38.4,36.7,4,4264.0,False,2.0,165.0,0.8939,0.10524478918597231,26.83506289655557,0.009325681492109038,0.07109030018475537,34.0,True,TOR,False,,False,False,False,,False,,False,,False,,False,,False,,False,,roster,45.4,45.8,2610.2,1167.8,123.3,0.8948,0.4,36.0,0.3,0.6,36.6,2008.9,2126.5,58.1,898.5,1058.3,105.8,106.4,0.969,16.5,13.5,2.3,1.5,951.9,0.8995,3.0,3.9,18.6,5.7,23.5,868.9,1038.1,0.4,2.9,17.2,55.7,0.8811,0.9178,2.45,3.55,2.0,34.0,15.2,53.7,0.0,0.6,2.0,34.6,117.6,2008.9,0.0,13.5,5.7,23.5,2.0,16.6,0.0,3.9,0.0,1.5,0.4,2.9,47.0,904.9,821.9,991.1,53.0,1005.3,6.0,100.4,0.039
8482076,Nico Daws,NJD,26.1,24.0,4,801.0,False,1.0,28.0,0.8994,0.10137422932962256,28.300053117181864,0.15666666666666668,0.05944037192076685,28.1,True,NJD,False,,False,False,False,,False,,False,,False,,False,,False,,False,,roster,22.5,25.8,1472.1,698.1,73.5,0.8986,0.3,29.1,4.4,3.0,32.1,1729.9,1789.8,55.8,815.9,826.4,80.5,87.2,1.006,14.2,13.4,1.7,1.5,739.2,0.8945,2.92,3.2,12.5,5.6,23.4,665.7,815.8,0.4,3.0,8.5,48.2,0.8759,0.9131,2.41,3.44,1.0,28.1,7.5,47.2,0.0,3.0,1.0,31.1,59.9,1729.9,0.0,13.4,5.6,23.4,1.0,11.5,0.0,3.2,0.0,1.5,0.4,3.0,26.0,713.2,639.7,789.8,32.0,794.4,6.0,81.2,0.039
8479496,David Rittich,NYI,34.5,32.8,3,2112.0,False,28.0,81.0,0.8952,0.10571210393674482,27.2544553370172,0.0834672240202194,0.05142267533164169,27.0,False,FA,False,,False,False,False,,False,,False,,False,,False,,False,,False,,unsigned,27.0,29.3,1664.2,756.0,79.9,0.8943,0.0,27.0,2.3,2.3,29.3,1642.4,1642.4,56.1,746.0,746.0,78.9,78.9,0.964,13.0,13.0,1.3,1.3,667.1,0.8942,2.88,3.1,10.9,5.4,22.8,596.1,741.3,0.4,2.7,6.4,44.4,0.8749,0.9136,2.35,3.41,0.0,27.0,6.4,44.4,0.0,2.3,0.0,29.3,0.0,1642.4,0.0,13.0,5.4,22.8,0.0,10.9,0.0,3.1,0.0,1.3,0.4,2.7,0.0,667.2,596.1,741.3,0.0,746.0,0.0,78.9,0.039
8481020,Justus Annunen,NSH,26.9,25.3,3,1939.0,False,23.0,64.0,0.8992,0.10123449237253337,28.18026576710394,0.19468880017822415,0.04107473546188785,27.9,True,NSH,False,,False,False,False,,False,,False,,False,,False,,False,,False,,roster,26.2,31.3,1781.0,836.5,84.7,0.8988,0.3,27.9,5.4,4.4,32.3,1751.9,1751.9,54.2,822.8,838.8,84.9,82.1,1.007,14.0,12.9,1.2,0.6,756.7,0.9021,2.81,3.2,11.7,5.3,22.7,681.0,835.6,0.1,1.3,7.2,46.5,0.8828,0.9215,2.26,3.37,0.0,27.9,7.2,46.5,0.0,4.4,0.0,32.3,0.0,1751.9,0.0,12.9,5.3,22.7,0.0,11.7,0.0,3.2,0.0,0.6,0.1,1.3,0.0,756.8,681.0,835.6,0.0,838.8,0.0,82.1,0.039
8479292,Charlie Lindgren,WSH,33.1,31.2,4,3047.0,False,1.0,107.0,0.8942,0.10840836162681988,28.14174775152552,0.037556520166395366,0.0548608819587484,26.4,True,WSH,False,,False,False,False,,False,,False,,False,,False,,False,,False,,roster,26.1,27.0,1538.1,723.4,77.3,0.8916,0.3,27.4,1.0,2.1,29.5,1603.9,1661.5,56.3,752.3,792.6,82.8,83.7,0.94,12.4,12.6,1.4,1.2,708.9,0.8944,3.02,3.0,11.8,5.2,22.3,637.1,783.9,0.3,2.5,6.9,43.9,0.8758,0.913,2.49,3.55,1.0,26.4,5.9,42.9,0.0,2.1,1.0,28.5,57.6,1603.9,0.0,12.6,5.2,22.3,1.0,10.8,0.0,3.0,0.0,1.2,0.3,2.5,27.0,681.9,610.1,756.9,29.0,763.6,2.0,81.7,0.039
8477968,Alex Nedeljkovic,SJS,31.1,29.4,3,3142.0,False,34.0,102.0,0.8963,0.10797553174629924,28.39471982365772,0.14294159000041354,0.02796074044113537,29.0,True,SJS,False,,False,False,False,,False,,False,,False,,False,,False,,False,,roster,34.4,39.3,2234.2,1057.3,114.2,0.892,0.4,29.0,4.1,3.2,32.2,1784.0,1784.0,55.4,844.3,854.3,92.2,88.1,0.944,13.7,12.6,0.8,1.5,766.2,0.8969,2.96,3.3,13.0,5.2,22.3,689.9,845.5,0.5,3.0,8.4,48.7,0.8775,0.9162,2.41,3.52,0.0,29.0,8.4,48.7,0.0,3.2,0.0,32.2,0.0,1784.0,0.0,12.6,5.2,22.3,0.0,13.0,0.0,3.3,0.0,1.5,0.5,3.0,0.0,766.2,689.9,845.5,0.0,854.3,0.0,88.1,0.039
8470594,Marc-Andre Fleury,MIN,42.0,39.7,2,1726.0,False,22.0,58.0,0.8969,0.10263865222972332,28.32835432353202,0.1510759771629337,0.04934814530680111,25.2,False,FA,False,,False,False,False,,False,,False,,False,,False,,False,,False,,unsigned,25.2,29.0,1647.0,777.6,79.8,0.8974,0.0,25.2,3.8,3.8,29.0,1575.9,1575.9,54.3,744.0,744.0,76.4,76.4,0.993,12.5,12.5,1.2,1.2,667.6,0.8973,2.91,2.9,9.8,5.1,22.1,596.6,741.8,0.3,2.5,4.8,39.7,0.878,0.9167,2.36,3.46,0.0,25.2,4.8,39.7,0.0,3.8,0.0,29.0,0.0,1575.9,0.0,12.5,5.1,22.1,0.0,9.8,0.0,2.9,0.0,1.2,0.3,2.5,0.0,667.7,596.6,741.8,0.0,744.0,0.0,76.4,0.039
8480193,Daniil Tarasov,FLA,27.9,26.3,3,2265.0,False,31.0,73.0,0.894,0.10683376096643256,28.98208409136828,0.0585020748034224,0.02718980685780269,26.4,True,DET,False,,False,False,False,,False,,False,,False,,False,,False,,False,,roster,31.5,33.3,1894.5,915.1,97.8,0.8932,0.3,26.4,1.5,2.8,29.3,1624.7,1624.7,55.5,784.8,769.9,82.2,80.4,0.954,12.6,12.4,0.7,0.9,689.5,0.8956,2.97,3.0,11.0,5.1,22.0,617.2,764.8,0.2,1.9,5.9,42.9,0.8762,0.9149,2.42,3.52,0.0,26.4,5.9,42.9,0.0,2.8,0.0,29.3,0.0,1624.7,0.0,12.4,5.1,22.0,0.0,11.0,0.0,3.0,0.0,0.9,0.2,1.9,0.0,689.5,617.2,764.8,0.0,769.9,0.0,80.4,0.039
8480947,Kevin Lankinen,VAN,31.8,30.3,4,3325.0,False,3.0,112.0,0.8856,0.11577082120563004,28.52002406957531,0.09841267143864624,0.04061057913408696,32.6,True,VAN,False,,False,False,False,,False,,False,,False,,False,,False,,False,,roster,67.5,73.8,4177.6,2000.6,237.8,0.8842,0.4,35.6,3.2,2.3,37.9,1973.1,2120.7,56.0,937.9,1069.7,114.0,126.4,0.88,14.4,12.2,1.2,0.9,943.3,0.8818,3.58,3.7,19.7,5.3,21.1,862.7,1029.0,0.2,2.0,16.3,55.3,0.864,0.8997,3.04,4.12,3.0,32.6,13.3,52.3,0.0,2.3,3.0,34.9,147.6,1973.1,1.0,11.2,4.3,20.1,2.0,17.7,0.0,3.7,0.0,0.9,0.2,2.0,70.0,874.3,792.7,959.0,85.0,984.7,16.0,110.4,0.039
8478470,Samuel Montembeault,MTL,30.3,28.3,3,3620.0,False,23.0,123.0,0.8931,0.10998190949722338,28.474085561339084,0.04866696859903382,0.040107038587433516,24.9,True,MTL,False,,False,False,False,,False,,False,,False,,False,,False,,False,,roster,35.1,36.8,2091.3,992.5,109.2,0.89,0.3,24.9,1.2,1.9,26.8,1509.9,1509.9,56.3,716.5,713.2,78.4,77.7,0.927,11.5,12.1,0.9,1.4,635.5,0.8911,3.09,2.9,9.9,4.9,21.6,566.3,707.9,0.4,2.8,4.5,39.2,0.8717,0.9104,2.54,3.64,0.0,24.9,4.5,39.2,0.0,1.9,0.0,26.8,0.0,1509.9,0.0,12.1,4.9,21.6,0.0,9.9,0.0,2.9,0.0,1.4,0.4,2.8,0.0,635.6,566.3,707.9,0.0,713.2,0.0,77.7,0.039
8480022,Michael DiPietro,BOS,27.6,27.6,1,29.0,False,1.0,1.0,0.8966,0.10197175672107436,28.16175891419325,0.0,0.01944037192076685,24.5,True,BOS,False,,False,False,False,,False,,False,,False,,False,,False,,False,,roster,26.5,26.5,1505.9,708.6,72.3,0.898,0.3,25.5,0.0,0.0,25.5,1436.2,1494.1,58.6,674.1,724.7,70.9,71.6,1.0,12.3,11.8,0.5,0.5,653.1,0.9012,2.88,2.8,10.9,4.7,21.1,584.3,725.0,0.0,1.1,5.2,39.2,0.8826,0.9198,2.33,3.42,1.0,24.5,4.2,38.2,0.0,0.0,1.0,24.5,57.9,1436.2,0.0,11.8,4.7,21.1,1.0,9.9,0.0,2.8,0.0,0.5,0.0,1.1,26.0,627.1,558.3,699.0,29.0,695.7,3.0,68.6,0.039
8481035,Samuel Ersson,OTT,27.3,25.5,4,3154.0,False,1.0,124.0,0.8795,0.11570065998297054,26.922071415863734,0.10365833137852844,0.03945887532212739,21.1,True,OTT,False,,False,False,False,,False,,False,,False,,False,,False,,False,,roster,30.6,34.7,1937.6,878.4,101.5,0.8843,0.3,22.1,2.2,3.4,25.5,1299.9,1377.8,54.0,583.3,584.1,62.5,69.3,0.881,9.3,11.6,0.7,0.8,514.8,0.8814,3.02,2.4,8.1,4.6,20.7,455.1,577.5,0.2,1.8,3.3,34.2,0.8635,0.8993,2.56,3.47,1.0,21.1,2.3,33.2,1.0,2.4,2.0,23.5,77.9,1299.9,0.0,11.6,4.6,20.7,1.0,7.1,0.0,2.4,0.0,0.8,0.2,1.8,39.0,475.8,416.1,538.5,44.0,540.1,5.0,64.3,0.039
8483710,Dennis Hildeby,TOR,25.5,24.3,2,704.0,False,14.0,20.0,0.9059,0.09886422517369654,28.740916380362872,0.3571428571428571,0.05515465763505256,19.6,True,TBL,False,,False,False,False,,False,,False,,False,,False,,False,,False,,roster,12.7,17.3,983.8,471.2,46.6,0.9011,0.2,19.6,7.0,4.0,23.6,1254.0,1254.0,53.1,600.7,587.6,58.1,60.1,1.031,10.1,11.5,1.1,1.0,527.5,0.8977,2.88,2.2,5.8,4.5,20.6,464.6,593.5,0.2,2.2,2.2,32.9,0.8784,0.9171,2.33,3.42,0.0,19.6,2.2,32.9,0.0,4.0,0.0,23.6,0.0,1254.0,0.0,11.5,4.5,20.6,0.0,5.8,0.0,2.2,0.0,1.0,0.2,2.2,0.0,527.5,464.6,593.5,0.0,587.6,0.0,60.1,0.039
8471734,Jonathan Quick,NYR,41.0,39.3,3,2099.0,False,24.0,70.0,0.8956,0.10357867235990391,28.469726981545435,0.09175641025641026,0.08154806422845914,23.0,False,FA,False,,False,False,False,,False,,False,,False,,False,,False,,False,,unsigned,23.0,25.1,1430.0,678.5,70.3,0.8964,0.0,23.0,2.1,2.1,25.1,1405.7,1405.7,56.0,667.0,667.0,69.1,69.1,0.984,11.3,11.3,1.8,1.8,597.9,0.8964,2.95,2.6,9.0,4.4,20.4,530.8,668.1,0.6,3.5,2.8,34.4,0.877,0.9158,2.4,3.5,0.0,23.0,2.8,34.4,0.0,2.1,0.0,25.1,0.0,1405.7,0.0,11.3,4.4,20.4,0.0,9.0,0.0,2.6,0.0,1.8,0.6,3.5,0.0,597.9,530.8,668.1,0.0,667.0,0.0,69.1,0.039
8475883,Frederik Andersen,CAR,37.3,36.1,2,1259.0,False,35.0,51.0,0.882,0.11653067402207144,27.169287349006147,0.0,0.03431640497861809,21.3,True,EDM,False,,False,False,False,,False,,False,,False,,False,,False,,False,,roster,29.7,29.7,1691.7,766.0,89.3,0.8835,0.3,21.3,0.0,0.0,21.3,1249.3,1249.3,58.7,565.7,552.1,64.3,62.7,0.875,9.3,10.9,0.6,0.9,489.4,0.8864,3.01,2.5,8.0,4.2,19.8,428.8,553.0,0.2,2.0,2.3,33.2,0.8671,0.9058,2.5,3.52,0.0,21.3,2.3,33.2,0.0,0.0,0.0,21.3,0.0,1249.3,0.0,10.9,4.2,19.8,0.0,8.0,0.0,2.5,0.0,0.9,0.2,2.0,0.0,489.4,428.8,553.0,0.0,552.1,0.0,62.7,0.039
8475660,Cam Talbot,DET,39.6,37.7,3,3582.0,False,25.0,120.0,0.8969,0.10830880832833337,28.3152318073408,0.1901644364937388,0.03741031825350388,24.5,True,CBJ,False,,False,False,False,,False,,False,,False,,False,,False,,False,,roster,30.9,36.8,2090.9,986.7,106.9,0.8917,0.3,24.5,4.7,3.0,27.5,1516.4,1516.4,55.1,715.6,726.5,78.7,77.8,0.941,11.5,10.7,0.9,0.9,648.7,0.8929,3.08,2.8,11.0,4.1,19.4,578.7,721.8,0.2,1.9,4.2,38.2,0.8736,0.9123,2.52,3.63,0.0,24.5,4.2,38.2,0.0,3.0,0.0,27.5,0.0,1516.4,0.0,10.7,4.1,19.4,0.0,11.0,0.0,2.8,0.0,0.9,0.2,1.9,0.0,648.7,578.7,721.8,0.0,726.5,0.0,77.8,0.039
8482445,Devin Cooley,CGY,29.7,28.6,3,1064.0,False,1.0,33.0,0.9056,0.1003196588509271,28.609825936670955,0.17533936651583712,0.01944037192076685,25.4,True,CGY,False,,False,False,False,,False,,False,,False,,False,,False,,False,,roster,24.1,28.2,1607.2,762.9,77.0,0.8997,0.3,26.4,4.5,3.1,29.5,1571.5,1631.2,55.3,749.3,789.1,76.6,77.5,1.016,12.9,10.3,0.5,0.6,711.6,0.9018,2.85,2.9,13.2,3.8,18.8,639.3,786.8,0.1,1.5,6.0,41.3,0.883,0.9205,2.31,3.4,1.0,25.4,5.0,40.3,0.0,3.1,1.0,28.5,59.8,1571.5,0.0,10.3,3.8,18.8,1.0,12.2,0.0,2.9,0.0,0.6,0.1,1.5,22.0,689.5,617.3,764.8,25.0,764.1,3.0,74.5,0.039
8477465,Tristan Jarry,EDM,31.8,30.0,4,3195.0,False,1.0,113.0,0.8885,0.11337584503235283,28.434929650474757,0.0839991789819376,0.06561869704391955,19.5,True,EDM,False,,False,False,False,,False,,False,,False,,False,,False,,False,,roster,28.0,30.3,1726.7,812.2,95.5,0.8866,0.2,20.5,1.6,1.4,21.9,1178.4,1239.9,56.6,558.5,568.0,61.8,66.3,0.899,8.8,10.2,1.1,1.7,501.7,0.8833,3.21,3.2,7.0,3.8,18.7,441.5,565.1,0.5,3.3,3.2,33.9,0.8647,0.9018,2.7,3.72,1.0,19.5,2.2,32.9,0.0,1.4,1.0,20.9,61.6,1178.4,0.0,10.2,3.8,18.7,0.0,7.0,1.0,2.2,0.0,1.7,0.5,3.3,17.0,484.7,424.5,548.1,23.0,545.0,6.0,60.3,0.039
8477480,Eric Comrie,WPG,31.6,30.1,3,1455.0,False,24.0,54.0,0.8967,0.10682140710944224,28.18699761362625,0.025,0.038640371920766844,20.7,False,FA,False,,False,False,False,,False,,False,,False,,False,,False,,False,,unsigned,20.7,21.3,1209.4,568.2,60.7,0.8932,0.0,20.7,0.5,0.5,21.3,1228.9,1228.9,57.7,577.3,577.3,61.7,61.7,0.954,9.9,9.9,0.8,0.8,515.6,0.8931,3.01,2.4,8.5,3.6,18.2,453.5,580.9,0.1,1.7,2.3,33.1,0.8738,0.9125,2.47,3.56,0.0,20.7,2.3,33.1,0.0,0.5,0.0,21.3,0.0,1228.9,0.0,9.9,3.6,18.2,0.0,8.5,0.0,2.4,0.0,0.8,0.1,1.7,0.0,515.7,453.5,580.9,0.0,577.3,0.0,61.7,0.039
8475831,Philipp Grubauer,SEA,35.2,33.6,4,2520.0,False,1.0,89.0,0.8977,0.10356945552143659,28.29861109072761,0.11490490933215392,0.026127678422314837,23.6,True,SEA,False,,False,False,False,,False,,False,,False,,False,,False,,False,,roster,25.2,29.0,1617.2,757.4,78.1,0.8964,0.3,24.6,2.7,3.4,28.1,1451.0,1530.1,54.5,684.3,735.6,72.9,72.8,0.984,11.6,9.9,0.6,0.7,662.8,0.901,2.85,2.7,12.0,3.6,18.2,593.6,735.1,0.1,1.6,4.4,37.0,0.8825,0.9195,2.32,3.39,1.0,23.6,3.4,36.0,1.0,2.4,2.0,26.1,79.1,1451.0,0.0,9.9,3.6,18.2,1.0,11.0,0.0,2.7,0.0,0.7,0.1,1.6,29.0,633.8,564.6,706.1,32.0,703.6,3.0,69.8,0.039
8477992,Jonas Johansson,TBL,31.4,29.7,3,1976.0,False,23.0,65.0,0.8881,0.11087852308994094,28.530083804975817,0.07769436624613353,0.03790559973851265,16.9,True,OTT,False,,False,False,False,,False,,False,,False,,False,,False,,False,,roster,22.0,23.7,1349.8,641.8,71.2,0.8891,0.2,16.9,1.3,1.5,18.4,1029.6,1029.6,56.0,489.6,453.3,50.3,51.7,0.919,7.8,9.7,0.6,0.7,401.6,0.8859,3.01,1.9,5.3,3.5,17.9,347.0,459.3,0.1,1.5,1.9,32.3,0.8666,0.9053,2.5,3.52,0.0,16.9,1.9,32.3,0.0,1.5,0.0,18.4,0.0,1029.6,0.0,9.7,3.5,17.9,0.0,5.3,0.0,1.9,0.0,0.7,0.1,1.5,0.0,401.6,347.0,459.3,0.0,453.3,0.0,51.7,0.039
8477970,Vitek Vanecek,UTA,31.1,29.2,3,2092.0,False,19.0,72.0,0.8851,0.1154828514952179,28.19402160213205,0.10685628913850329,0.04196882142290056,21.6,False,FA,False,,False,False,False,,False,,False,,False,,False,,False,,False,,unsigned,21.6,23.9,1358.3,638.2,73.7,0.8845,0.0,21.6,2.3,2.3,23.9,1325.7,1325.7,55.5,623.0,623.0,71.9,71.9,0.883,9.5,9.5,0.8,0.8,551.1,0.8846,3.25,2.5,9.6,3.4,17.6,486.7,618.5,0.1,1.7,2.4,33.3,0.8652,0.9039,2.71,3.8,0.0,21.6,2.4,33.3,0.0,2.3,0.0,23.9,0.0,1325.7,0.0,9.5,3.4,17.6,0.0,9.6,0.0,2.5,0.0,0.8,0.1,1.7,0.0,551.0,486.7,618.5,0.0,623.0,0.0,71.9,0.039
8482447,Leevi Merilainen,VAN,24.5,23.2,3,787.0,False,1.0,31.0,0.8829,0.10827292617509317,27.6215301741582,0.12599681020733652,0.06307673555713048,23.0,True,VAN,False,,False,False,False,,False,,False,,False,,False,,False,,False,,roster,26.4,30.6,1716.4,783.4,83.0,0.8917,0.3,24.0,2.9,3.1,27.1,1403.6,1494.3,55.1,646.2,713.4,73.5,73.1,0.941,10.8,9.4,1.4,1.1,640.3,0.8975,2.94,2.6,12.0,3.8,16.9,572.6,711.1,0.3,2.2,3.8,35.4,0.8791,0.9159,2.41,3.46,1.0,23.0,2.8,34.4,1.0,2.1,2.0,25.1,90.7,1403.6,1.0,8.4,2.8,15.9,0.0,12.0,0.0,2.6,0.0,1.1,0.3,2.2,33.0,607.3,539.6,678.1,35.0,678.4,2.0,71.1,0.039
8478024,Ville Husso,ANA,32.0,30.4,3,1426.0,False,19.0,48.0,0.8869,0.11253848178982313,28.639794418543154,0.08514974304447989,0.01944037192076685,20.7,True,ANA,False,,False,False,False,,False,,False,,False,,False,,False,,False,,roster,16.7,18.1,1028.5,491.0,55.3,0.8875,0.3,20.7,1.8,1.4,22.1,1251.6,1251.6,56.6,597.4,588.7,66.3,65.4,0.906,9.4,9.3,0.4,0.7,523.3,0.8889,3.14,2.4,9.0,3.3,17.3,460.7,589.1,0.1,1.5,2.3,33.1,0.8696,0.9083,2.59,3.68,0.0,20.7,2.3,33.1,0.0,1.4,0.0,22.1,0.0,1251.6,0.0,9.3,3.3,17.3,0.0,9.0,0.0,2.4,0.0,0.7,0.1,1.5,0.0,523.3,460.7,589.1,0.0,588.7,0.0,65.4,0.039
8481551,Colten Ellis,BUF,26.3,25.4,2,475.0,False,1.0,15.0,0.9032,0.10039753227815425,28.31301588355882,0.13445378151260504,0.05977650637454836,15.3,True,BUF,False,,False,False,False,,False,,False,,False,,False,,False,,False,,roster,26.2,29.6,1693.9,788.9,79.2,0.8996,0.2,16.3,2.1,1.8,18.1,946.1,1010.4,55.8,446.4,476.9,45.9,46.0,1.015,7.8,9.3,0.9,0.9,430.9,0.9035,2.73,1.8,5.2,3.8,16.8,375.5,489.4,0.2,1.8,2.6,32.3,0.885,0.9221,2.21,3.26,1.0,15.3,1.6,31.3,0.0,1.8,1.0,17.1,64.4,946.1,1.0,8.3,2.8,15.8,0.0,5.2,0.0,1.8,0.0,0.9,0.2,1.8,18.0,412.9,357.5,471.4,20.0,456.9,2.0,44.0,0.039
8484170,Jacob Fowler,MTL,22.2,21.2,1,448.0,False,17.0,17.0,0.9085,0.0989186778669851,27.95984366331732,0.0,0.05473448956782567,18.1,False,FA,False,,False,False,False,,False,,False,,False,,False,,False,,False,,unsigned,18.1,18.1,1030.6,480.2,47.5,0.9011,0.0,18.1,0.0,0.0,18.1,1061.1,1061.1,58.6,494.5,494.5,48.9,48.9,1.03,9.3,9.3,1.0,1.0,445.6,0.9011,2.77,2.1,6.7,3.3,17.3,387.9,506.3,0.2,2.1,2.0,32.7,0.8818,0.9205,2.22,3.31,0.0,18.1,2.0,32.7,0.0,0.0,0.0,18.1,0.0,1061.1,0.0,9.3,3.3,17.3,0.0,6.7,0.0,2.1,0.0,1.0,0.2,2.1,0.0,445.6,387.9,506.3,0.0,494.5,0.0,48.9,0.039
8476412,Jordan Binnington,STL,33.6,31.7,4,4289.0,False,1.0,149.0,0.8918,0.11089516855633987,28.119553408114744,0.04246972111378891,0.044833916229565396,23.5,True,STL,False,,False,False,False,,False,,False,,False,,False,,False,,False,,roster,32.4,33.7,1920.9,908.1,102.7,0.8891,0.3,24.5,1.0,0.8,25.3,1397.2,1457.2,57.6,654.8,685.3,72.0,78.6,0.919,10.8,9.2,1.0,0.6,606.7,0.8853,3.24,2.7,12.6,3.3,17.2,540.8,675.6,0.1,1.4,4.2,36.6,0.867,0.9036,2.72,3.75,1.0,23.5,3.2,35.6,0.0,0.8,1.0,24.3,60.0,1397.2,0.0,9.2,3.3,17.2,1.0,11.6,0.0,2.7,0.0,0.6,0.1,1.4,30.0,576.7,510.8,645.6,36.0,649.3,6.0,72.6,0.039
8475852,Petr Mrazek,ANA,35.0,32.8,3,3037.0,False,8.0,99.0,0.8919,0.10991505529528693,29.607155932309755,0.06586303284416492,0.03076112663774798,18.5,False,FA,False,,False,False,False,,False,,False,,False,,False,,False,,False,,unsigned,18.5,19.7,1122.7,554.0,60.9,0.8901,0.0,18.5,1.2,1.2,19.7,1117.5,1117.5,56.7,551.4,551.4,60.6,60.6,0.927,8.6,8.6,0.5,0.5,490.8,0.8901,3.25,2.1,7.8,2.9,16.2,430.2,554.5,0.0,1.2,2.1,32.7,0.8707,0.9095,2.68,3.83,0.0,18.5,2.1,32.7,0.0,1.2,0.0,19.7,0.0,1117.5,0.0,8.6,2.9,16.2,0.0,7.8,0.0,2.1,0.0,0.5,0.0,1.2,0.0,490.8,430.2,554.5,0.0,551.4,0.0,60.6,0.039
8473575,Semyon Varlamov,NYI,38.8,36.3,3,1121.0,False,1.0,38.0,0.9047,0.10951107413084928,28.382293347004993,0.020334059549745823,0.05604167911030933,20.2,True,NYI,False,,False,False,False,,False,,False,,False,,False,,False,,False,,roster,19.2,19.6,1116.1,521.8,57.7,0.8905,0.2,21.2,0.4,1.3,22.5,1217.6,1277.0,56.8,576.0,588.3,62.0,64.9,0.931,9.4,8.5,1.1,0.7,523.4,0.8897,3.05,2.3,10.4,2.9,16.1,461.9,588.0,0.1,1.5,3.2,34.0,0.8711,0.9083,2.53,3.56,1.0,20.2,2.2,33.0,0.0,1.3,1.0,21.5,59.4,1217.6,0.0,8.5,2.9,16.1,1.0,9.4,0.0,2.3,0.0,0.7,0.1,1.5,19.0,504.4,442.9,569.0,22.0,566.3,3.0,61.9,0.039
8478905,Ivan Fedotov,PHI,30.2,28.1,2,677.0,False,24.0,25.0,0.877,0.11437560102237934,27.81427473926348,0.18787878787878787,0.01944037192076685,19.1,False,FA,False,,False,False,False,,False,,False,,False,,False,,False,,False,,unsigned,19.1,22.7,1291.7,598.8,68.5,0.8856,0.0,19.1,3.6,3.6,22.7,1216.6,1216.6,53.6,564.0,564.0,64.5,64.5,0.891,8.5,8.5,0.3,0.3,499.5,0.8856,3.18,2.2,8.4,2.9,16.1,438.3,563.7,0.0,0.7,2.1,32.8,0.8663,0.905,2.64,3.72,0.0,19.1,2.1,32.8,0.0,3.6,0.0,22.7,0.0,1216.6,0.0,8.5,2.9,16.1,0.0,8.4,0.0,2.2,0.0,0.3,0.0,0.7,0.0,499.5,438.3,563.7,0.0,564.0,0.0,64.5,0.039
8475717,Calvin Pickard,EDM,34.8,33.0,3,1840.0,False,13.0,64.0,0.8911,0.10970814266744713,27.925183786813882,0.18279598813097572,0.024265546745941675,17.1,True,MIN,False,,False,False,False,,False,,False,,False,,False,,False,,False,,roster,16.2,19.1,1088.7,506.7,55.6,0.8903,0.2,17.1,3.1,2.1,19.2,1055.9,1055.9,55.0,491.4,501.8,55.1,52.8,0.929,7.9,8.4,0.4,0.3,449.0,0.8948,3.0,2.0,6.7,2.8,15.9,391.2,510.1,0.0,0.5,1.9,32.4,0.8754,0.9141,2.45,3.55,0.0,17.1,1.9,32.4,0.0,2.1,0.0,19.2,0.0,1055.9,0.0,8.4,2.8,15.9,0.0,6.7,0.0,2.0,0.0,0.3,0.0,0.5,0.0,449.1,391.2,510.1,0.0,501.8,0.0,52.8,0.039
8477967,Thatcher Demko,VAN,31.2,29.2,3,2575.0,False,20.0,94.0,0.9015,0.1040641449709262,28.073991447735747,0.0,0.05765693243032099,21.6,True,VAN,False,,False,False,False,,False,,False,,False,,False,,False,,False,,roster,24.9,24.9,1415.8,662.4,68.9,0.8959,0.3,21.6,0.0,0.0,21.6,1267.9,1267.9,58.7,593.2,622.9,64.8,62.8,0.98,10.6,8.2,1.2,1.0,560.1,0.8992,2.97,2.5,10.9,2.7,15.6,495.2,628.1,0.2,2.0,2.4,33.3,0.8798,0.9185,2.4,3.54,0.0,21.6,2.4,33.3,0.0,0.0,0.0,21.6,0.0,1267.9,0.0,8.2,2.7,15.6,0.0,10.9,0.0,2.5,0.0,1.0,0.2,2.0,0.0,560.1,495.2,628.1,0.0,622.9,0.0,62.8,0.039
8474889,Martin Jones,TOR,37.1,34.1,1,574.0,False,19.0,19.0,0.9024,0.1093921376587397,28.337574117662427,0.15789473684210525,0.08259826665760896,17.5,False,FA,False,,False,False,False,,False,,False,,False,,False,,False,,False,,unsigned,17.5,20.3,1152.3,544.2,59.5,0.8906,0.0,17.5,2.8,2.8,20.3,1099.2,1099.2,54.1,519.1,519.1,56.8,56.8,0.932,8.1,8.1,1.3,1.3,462.3,0.8906,3.1,2.0,7.3,2.7,15.5,403.6,524.2,0.4,2.7,2.0,32.5,0.8712,0.9099,2.55,3.65,0.0,17.5,2.0,32.5,0.0,2.8,0.0,20.3,0.0,1099.2,0.0,8.1,2.7,15.5,0.0,7.3,0.0,2.0,0.0,1.3,0.4,2.7,0.0,462.4,403.6,524.2,0.0,519.1,0.0,56.8,0.039
8482821,Arvid Soderblom,CHI,27.5,25.7,4,2835.0,False,1.0,87.0,0.8856,0.11090323058762565,29.722952461498437,0.08840972634076083,0.02998091246130739,21.8,True,CHI,False,,False,False,False,,False,,False,,False,,False,,False,,False,,roster,27.9,30.3,1725.9,857.3,97.5,0.8891,0.3,22.8,1.9,2.8,25.6,1352.5,1412.5,55.2,670.0,720.8,76.4,79.5,0.919,10.0,7.7,0.6,0.6,641.3,0.8897,3.38,2.5,12.6,2.5,14.8,573.2,712.6,0.1,1.3,3.4,34.3,0.8712,0.9082,2.81,3.94,1.0,21.8,2.4,33.3,0.0,2.8,1.0,24.6,60.0,1352.5,0.0,7.7,2.5,14.8,1.0,11.6,0.0,2.5,0.0,0.6,0.1,1.3,26.0,615.3,547.2,686.6,32.0,688.8,6.0,73.5,0.039
8476914,Joonas Korpisalo,BOS,32.8,31.0,3,3066.0,False,28.0,101.0,0.8927,0.10957553753661856,28.602589741786005,0.11608405738533036,0.04935550629134676,18.4,True,NYR,False,,False,False,False,,False,,False,,False,,False,,False,,False,,roster,28.6,32.0,1818.6,866.9,95.0,0.8904,0.2,18.4,2.1,4.3,22.7,1193.2,1193.2,52.6,568.8,573.1,62.8,62.0,0.93,8.6,7.6,0.8,0.5,511.1,0.8918,3.12,2.1,8.7,2.4,14.6,449.2,576.1,0.0,1.2,2.1,32.7,0.8725,0.9112,2.56,3.67,0.0,18.4,2.1,32.7,0.0,4.3,0.0,22.7,0.0,1193.2,0.0,7.6,2.4,14.6,0.0,8.7,0.0,2.1,0.0,0.5,0.0,1.2,0.0,511.1,449.2,576.1,0.0,573.1,0.0,62.0,0.039
8482193,Dylan Garand,NYR,24.7,23.8,2,118.0,False,1.0,4.0,0.9576,0.09616265462897615,28.18950113256653,0.0,0.16944037192076683,13.3,True,NYR,False,,False,False,False,,False,,False,,False,,False,,False,,False,,roster,22.4,22.4,1274.6,592.7,54.9,0.9038,0.2,14.3,0.0,0.0,14.3,776.8,836.8,58.5,364.9,389.7,35.4,34.9,1.06,7.0,7.3,2.4,2.5,354.8,0.9104,2.5,1.5,5.5,2.8,13.4,305.2,407.4,1.4,3.9,2.2,31.1,0.8922,0.9287,1.99,3.01,1.0,13.3,1.2,30.1,0.0,0.0,1.0,13.3,60.0,776.8,1.0,6.3,1.8,12.4,0.0,5.5,0.0,1.5,1.0,1.5,0.4,2.9,22.0,332.8,283.2,385.4,22.0,367.7,0.0,34.9,0.039
8477293,Antti Raanta,CAR,37.7,34.7,1,493.0,False,20.0,20.0,0.8722,0.11811286690281703,27.52572824244301,0.20000000000000004,0.049440371920766855,16.7,False,FA,False,,False,False,False,,False,,False,,False,,False,,False,,False,,unsigned,16.7,20.1,1143.3,524.5,62.0,0.8819,0.0,16.7,3.3,3.3,20.1,1071.4,1071.4,53.3,491.5,491.5,58.1,58.1,0.863,7.2,7.2,0.7,0.7,433.4,0.8818,3.25,1.9,7.6,2.2,14.0,376.6,493.4,0.1,1.6,1.9,32.2,0.8624,0.9011,2.72,3.79,0.0,16.7,1.9,32.2,0.0,3.3,0.0,20.1,0.0,1071.4,0.0,7.2,2.2,14.0,0.0,7.6,0.0,1.9,0.0,0.7,0.1,1.6,0.0,433.5,376.6,493.4,0.0,491.5,0.0,58.1,0.039
8482446,Joel Blomqvist,PIT,25.1,23.1,1,425.0,False,12.0,12.0,0.8847,0.1056564677626839,28.700342605252892,0.25,0.01944037192076685,14.7,False,FA,False,,False,False,False,,False,,False,,False,,False,,False,,False,,unsigned,14.7,18.4,1044.0,499.4,52.8,0.8943,0.0,14.7,3.7,3.7,18.4,959.1,959.1,52.1,458.8,458.8,48.5,48.5,0.965,7.1,7.1,0.3,0.3,410.3,0.8943,3.03,1.7,5.9,2.2,13.8,355.0,468.6,0.0,0.6,1.5,31.0,0.8749,0.9136,2.48,3.59,0.0,14.7,1.5,31.0,0.0,3.7,0.0,18.4,0.0,959.1,0.0,7.1,2.2,13.8,0.0,5.9,0.0,1.7,0.0,0.3,0.0,0.6,0.0,410.3,355.0,468.6,0.0,458.8,0.0,48.5,0.039
8484268,Nikita Tolopilo,VAN,26.8,25.8,2,608.0,False,18.0,19.0,0.8815,0.1078178042548874,28.455047999788544,0.21641791044776118,0.01944037192076685,14.0,False,FA,False,,False,False,False,,False,,False,,False,,False,,False,,False,,unsigned,14.0,17.0,967.4,458.8,49.5,0.8922,0.0,14.0,3.0,3.0,17.0,900.5,900.5,53.0,427.1,427.1,46.0,46.0,0.945,6.6,6.6,0.3,0.3,381.1,0.8923,3.06,1.6,5.8,1.9,13.0,327.9,437.3,0.0,0.5,1.3,30.5,0.8729,0.9116,2.52,3.62,0.0,14.0,1.3,30.5,0.0,3.0,0.0,17.0,0.0,900.5,0.0,6.6,1.9,13.0,0.0,5.8,0.0,1.6,0.0,0.3,0.0,0.5,0.0,381.0,327.9,437.3,0.0,427.1,0.0,46.0,0.039
8473503,James Reimer,OTT,38.9,36.9,3,1678.0,False,13.0,54.0,0.8948,0.10947285562726569,27.947875874680477,0.14206880076445294,0.06126550331111563,12.7,False,FA,False,,False,False,False,,False,,False,,False,,False,,False,,False,,unsigned,12.7,14.5,823.4,383.5,42.0,0.8905,0.0,12.7,1.8,1.8,14.5,790.9,790.9,54.5,368.4,368.4,40.3,40.3,0.931,5.9,5.9,0.7,0.7,328.1,0.8906,3.06,1.5,5.3,1.6,11.8,278.9,380.3,0.1,1.6,1.1,29.8,0.8713,0.91,2.52,3.6,0.0,12.7,1.1,29.8,0.0,1.8,0.0,14.5,0.0,790.9,0.0,5.9,1.6,11.8,0.0,5.3,0.0,1.5,0.0,0.7,0.1,1.6,0.0,328.1,278.9,380.3,0.0,368.4,0.0,40.3,0.039
8483532,Clay Stevenson,WPG,27.9,27.0,3,170.0,False,1.0,6.0,0.9153,0.10167087753839145,28.160205163561493,0.0,0.01944037192076685,9.7,True,WPG,False,,False,False,False,,False,,False,,False,,False,,False,,False,,roster,20.8,20.8,1186.2,559.5,55.7,0.8983,0.1,10.7,0.0,0.0,10.7,568.7,628.7,58.8,266.9,301.9,27.5,29.8,1.003,4.9,5.3,0.2,0.2,272.1,0.9013,2.84,1.1,4.3,2.0,10.0,230.1,317.2,0.0,0.4,1.4,27.1,0.8839,0.9187,2.34,3.35,1.0,9.7,0.4,26.1,0.0,0.0,1.0,9.7,60.0,568.7,1.0,4.3,1.0,9.0,0.0,4.3,0.0,1.1,0.0,0.2,0.0,0.4,29.0,243.1,201.1,288.2,31.0,270.9,2.0,27.8,0.039
8480992,Magnus Chrona,SJS,26.4,23.4,1,262.0,False,8.0,8.0,0.8588,0.10949053842738102,28.528512500501588,0.125,0.01944037192076685,11.0,False,FA,False,,False,False,False,,False,,False,,False,,False,,False,,False,,unsigned,11.0,12.4,702.8,334.2,36.6,0.8905,0.0,11.0,1.4,1.4,12.4,680.3,680.3,54.9,323.5,323.5,35.4,35.4,0.931,5.1,5.1,0.2,0.2,288.1,0.8906,3.12,1.3,4.6,1.3,10.4,242.1,337.1,0.0,0.4,0.7,27.8,0.8712,0.9099,2.57,3.67,0.0,11.0,0.7,27.8,0.0,1.4,0.0,12.4,0.0,680.3,0.0,5.1,1.3,10.4,0.0,4.6,0.0,1.3,0.0,0.2,0.0,0.4,0.0,288.1,242.1,337.1,0.0,323.5,0.0,35.4,0.039
8478039,Kaapo Kahkonen,COL,30.5,27.5,2,1159.0,False,1.0,34.0,0.8948,0.10996836466830141,29.97589857800497,0.114996114996115,0.0366897891701841,10.8,False,FA,False,,False,False,False,,False,,False,,False,,False,,False,,False,,unsigned,10.8,12.0,684.2,341.8,37.6,0.89,0.0,10.8,1.2,1.2,12.0,665.3,665.3,55.4,332.4,332.4,36.6,36.6,0.927,5.0,5.0,0.4,0.4,295.8,0.8899,3.3,1.2,4.5,1.2,10.2,249.2,345.5,0.0,0.8,0.6,27.5,0.8705,0.9092,2.72,3.88,0.0,10.8,0.6,27.5,0.0,1.2,0.0,12.0,0.0,665.3,0.0,5.0,1.2,10.2,0.0,4.5,0.0,1.2,0.0,0.4,0.0,0.8,0.0,295.8,249.2,345.5,0.0,332.4,0.0,36.6,0.039
8481031,Ivan Prosvetov,COL,27.9,24.9,1,248.0,False,8.0,8.0,0.8952,0.10456413633808205,28.28243857717775,0.375,0.01944037192076685,10.3,False,FA,False,,False,False,False,,False,,False,,False,,False,,False,,False,,unsigned,10.3,14.2,808.6,381.1,39.9,0.8954,0.0,10.3,3.9,3.9,14.2,710.1,710.1,50.0,334.7,334.7,35.0,35.0,0.975,5.0,5.0,0.2,0.2,299.7,0.8954,2.96,1.2,4.1,1.3,10.3,252.8,349.7,0.0,0.4,0.5,26.9,0.8761,0.9148,2.41,3.5,0.0,10.3,0.5,26.9,0.0,3.9,0.0,14.2,0.0,710.1,0.0,5.0,1.3,10.3,0.0,4.1,0.0,1.2,0.0,0.2,0.0,0.4,0.0,299.7,252.8,349.7,0.0,334.7,0.0,35.0,0.039
8477405,Marcus Hogberg,NYI,32.2,30.2,1,335.0,False,11.0,11.0,0.8776,0.11096372198152575,28.094993984100242,0.36363636363636365,0.01944037192076685,10.7,False,FA,False,,False,False,False,,False,,False,,False,,False,,False,,False,,unsigned,10.7,14.6,830.9,389.1,43.2,0.889,0.0,10.7,3.9,3.9,14.6,732.6,732.6,50.2,343.0,343.0,38.1,38.1,0.919,4.9,4.9,0.2,0.2,304.9,0.8889,3.12,1.2,4.6,1.2,10.1,257.6,355.4,0.0,0.4,0.6,27.4,0.8696,0.9083,2.58,3.66,0.0,10.7,0.6,27.4,0.0,3.9,0.0,14.6,0.0,732.6,0.0,4.9,1.2,10.1,0.0,4.6,0.0,1.2,0.0,0.2,0.0,0.4,0.0,305.0,257.6,355.4,0.0,343.0,0.0,38.1,0.039
8482761,Carl Lindbom,VGK,23.7,22.7,1,189.0,False,8.0,8.0,0.873,0.1056059839705919,27.898444808533785,0.0,0.01944037192076685,9.1,False,FA,False,,False,False,False,,False,,False,,False,,False,,False,,False,,unsigned,9.1,9.1,515.4,239.7,25.3,0.8944,0.0,9.1,0.0,0.0,9.1,530.7,530.7,58.3,246.8,246.8,26.1,26.1,0.965,4.4,4.4,0.2,0.2,220.7,0.8942,2.95,1.0,3.6,1.0,9.1,180.8,263.7,0.0,0.3,0.3,25.2,0.8749,0.9136,2.41,3.49,0.0,9.1,0.3,25.2,0.0,0.0,0.0,9.1,0.0,530.7,0.0,4.4,1.0,9.1,0.0,3.6,0.0,1.0,0.0,0.2,0.0,0.3,0.0,220.7,180.8,263.7,0.0,246.8,0.0,26.1,0.039
8480051,Cayden Primeau,TOR,27.5,25.1,3,1061.0,False,3.0,31.0,0.8729,0.11430129903739292,28.718749853330177,0.27336860670194,0.04377899625939119,7.1,False,FA,False,,False,False,False,,False,,False,,False,,False,,False,,False,,unsigned,7.1,9.1,515.8,246.9,28.2,0.8857,0.0,7.1,1.9,1.9,9.1,469.7,469.7,51.6,224.8,224.8,25.7,25.7,0.892,3.2,3.2,0.3,0.3,199.1,0.8857,3.28,0.8,3.1,0.6,6.9,161.3,239.9,0.0,0.6,0.0,23.2,0.8663,0.905,2.73,3.84,0.0,7.1,0.0,23.2,0.0,1.9,0.0,9.1,0.0,469.7,0.0,3.2,0.6,6.9,0.0,3.1,0.0,0.8,0.0,0.3,0.0,0.6,0.0,199.1,161.3,239.9,0.0,224.8,0.0,25.7,0.039
8483575,Matt Murray,DAL,29.0,26.0,1,23.0,False,1.0,1.0,1.0,0.10376452922001297,28.10946190133597,0.0,0.6194403719207668,6.9,True,NSH,False,,False,False,False,,False,,False,,False,,False,,False,,False,,roster,1.2,1.2,69.3,32.5,3.4,0.8962,0.1,6.9,0.0,0.0,6.9,405.9,405.9,58.8,190.2,193.9,20.1,19.4,0.982,3.4,3.1,4.2,2.1,174.5,0.8999,2.87,0.8,3.0,0.6,6.8,139.2,212.7,0.8,4.0,0.0,23.1,0.8806,0.9193,2.31,3.42,0.0,6.9,0.0,23.1,0.0,0.0,0.0,6.9,0.0,405.9,0.0,3.1,0.6,6.8,0.0,3.0,0.0,0.8,0.0,2.1,0.8,4.0,0.0,174.4,139.2,212.7,0.0,193.9,0.0,19.4,0.039
8482465,Rémi Poirier,NJD,25.3,27.0,0,0.0,True,0.0,0.0,,0.10407341974381172,28.145073302466493,0.05645055277447231,0.04860092980191712,6.4,True,NJD,False,,False,False,False,,False,,False,,False,,False,,False,,False,,roster,12.1,12.8,728.0,341.5,35.5,0.8959,0.1,6.4,0.4,0.2,6.7,383.2,383.2,57.2,179.8,175.0,18.2,18.4,0.979,3.1,3.0,0.3,0.3,156.6,0.8949,2.88,0.7,2.7,0.5,6.5,123.4,192.9,0.0,0.6,0.0,22.8,0.8755,0.9142,2.35,3.41,0.0,6.4,0.0,22.8,0.0,0.2,0.0,6.7,0.0,383.2,0.0,3.0,0.5,6.5,0.0,2.7,0.0,0.7,0.0,0.3,0.0,0.6,0.0,156.7,123.4,192.9,0.0,175.0,0.0,18.4,0.039
8476316,Laurent Brossoit,SJS,33.9,31.1,2,643.0,False,1.0,23.0,0.9086,0.10333516281577995,27.976846353938175,0.04020979020979021,0.09181799429838922,6.0,False,FA,False,,False,False,False,,False,,False,,False,,False,,False,,False,,unsigned,6.0,6.2,352.4,164.3,17.0,0.8967,0.0,6.0,0.2,0.2,6.2,355.3,355.3,57.3,165.7,165.7,17.1,17.1,0.986,2.9,2.9,0.5,0.5,148.6,0.8968,2.89,0.7,2.3,0.5,6.4,116.2,183.9,0.0,1.2,0.0,22.5,0.8774,0.9162,2.34,3.43,0.0,6.0,0.0,22.5,0.0,0.2,0.0,6.2,0.0,355.3,0.0,2.9,0.5,6.4,0.0,2.3,0.0,0.7,0.0,0.5,0.0,1.2,0.0,148.5,116.2,183.9,0.0,165.7,0.0,17.1,0.039
8474682,Dustin Tokarski,CAR,37.4,35.4,1,132.0,False,6.0,6.0,0.9015,0.10911873547942424,27.912699469462225,0.0,0.11944037192076684,5.9,False,FA,False,,False,False,False,,False,,False,,False,,False,,False,,False,,unsigned,5.9,5.9,336.1,156.4,17.1,0.8909,0.0,5.9,0.0,0.0,5.9,346.1,346.1,58.7,161.0,161.0,17.6,17.6,0.934,2.8,2.8,0.7,0.7,143.4,0.8907,3.05,0.7,2.5,0.5,6.0,111.7,178.2,0.1,1.5,0.0,22.5,0.8713,0.91,2.51,3.59,0.0,5.9,0.0,22.5,0.0,0.0,0.0,5.9,0.0,346.1,0.0,2.8,0.5,6.0,0.0,2.5,0.0,0.7,0.0,0.7,0.1,1.5,0.0,143.4,111.7,178.2,0.0,161.0,0.0,17.6,0.039
8477035,Matt Tomkins,TBL,32.6,29.6,1,185.0,False,6.0,6.0,0.8919,0.10890946288185843,28.28679413672516,0.0,0.01944037192076685,5.8,False,FA,False,,False,False,False,,False,,False,,False,,False,,False,,False,,unsigned,5.8,5.8,332.4,156.7,17.1,0.8911,0.0,5.8,0.0,0.0,5.8,342.2,342.2,59.0,161.3,161.3,17.6,17.6,0.936,2.7,2.7,0.1,0.1,143.7,0.8909,3.09,0.7,2.4,0.5,6.0,112.0,178.6,0.0,0.2,0.0,22.5,0.8715,0.9102,2.54,3.63,0.0,5.8,0.0,22.5,0.0,0.0,0.0,5.8,0.0,342.2,0.0,2.7,0.5,6.0,0.0,2.4,0.0,0.7,0.0,0.1,0.0,0.2,0.0,143.8,112.0,178.6,0.0,161.3,0.0,17.6,0.039
8482783,Aleksei Kolosov,PHI,25.1,23.2,2,453.0,False,2.0,15.0,0.8615,0.1126021436431823,27.945236604843693,0.48829431438127086,0.01944037192076685,5.8,False,FA,False,,False,False,False,,False,,False,,False,,False,,False,,False,,unsigned,5.8,8.7,495.3,230.7,26.0,0.8874,0.0,5.8,2.9,2.9,8.7,419.8,419.8,48.3,195.5,195.5,22.0,22.0,0.905,2.6,2.6,0.1,0.1,173.5,0.8875,3.14,0.7,2.5,0.4,5.8,138.4,211.7,0.0,0.2,0.0,22.5,0.8681,0.9068,2.6,3.69,0.0,5.8,0.0,22.5,0.0,2.9,0.0,8.7,0.0,419.8,0.0,2.6,0.4,5.8,0.0,2.5,0.0,0.7,0.0,0.1,0.0,0.2,0.0,173.5,138.4,211.7,0.0,195.5,0.0,22.0,0.039
8477484,Spencer Martin,NYR,31.7,29.6,3,855.0,False,4.0,27.0,0.8693,0.11906472482038025,28.27720984496213,0.32191558441558443,0.0474923199727149,6.1,False,FA,False,,False,False,False,,False,,False,,False,,False,,False,,False,,unsigned,6.1,8.0,455.5,214.7,25.6,0.8809,0.0,6.1,1.9,1.9,8.0,407.4,407.4,50.9,192.0,192.0,22.9,22.9,0.856,2.6,2.6,0.2,0.2,169.1,0.8807,3.37,0.7,2.8,0.4,5.7,134.5,206.8,0.0,0.5,0.0,22.6,0.8614,0.9001,2.82,3.92,0.0,6.1,0.0,22.6,0.0,1.9,0.0,8.0,0.0,407.4,0.0,2.6,0.4,5.7,0.0,2.8,0.0,0.7,0.0,0.2,0.0,0.5,0.0,169.2,134.5,206.8,0.0,192.0,0.0,22.9,0.039
8484312,Georgii Romanov,SJS,27.1,25.1,2,249.0,False,6.0,6.0,0.8825,0.10481018076420569,28.376458129742957,0.5185185185185185,0.01944037192076685,5.1,False,FA,False,,False,False,False,,False,,False,,False,,False,,False,,False,,unsigned,5.1,7.8,443.3,209.7,22.0,0.8952,0.0,5.1,2.7,2.7,7.8,372.4,372.4,47.7,176.1,176.1,18.5,18.5,0.973,2.5,2.5,0.1,0.1,157.6,0.8949,2.98,0.6,2.0,0.4,5.5,124.3,194.1,0.0,0.1,0.0,22.1,0.8756,0.9143,2.43,3.53,0.0,5.1,0.0,22.1,0.0,2.7,0.0,7.8,0.0,372.4,0.0,2.5,0.4,5.5,0.0,2.0,0.0,0.6,0.0,0.1,0.0,0.1,0.0,157.7,124.3,194.1,0.0,176.1,0.0,18.5,0.039
8483530,Jaxson Stauber,UTA,27.8,25.8,1,158.0,False,4.0,4.0,0.8924,0.10474427456149235,28.242154968356804,0.5,0.16944037192076683,4.6,False,FA,False,,False,False,False,,False,,False,,False,,False,,False,,False,,unsigned,4.6,6.9,393.1,185.0,19.4,0.8953,0.0,4.6,2.3,2.3,6.9,332.0,332.0,48.1,156.3,156.3,16.4,16.4,0.973,2.2,2.2,0.8,0.8,139.9,0.8951,2.96,0.5,1.8,0.3,5.0,108.6,174.2,0.1,1.7,0.0,21.8,0.8757,0.9144,2.42,3.51,0.0,4.6,0.0,21.8,0.0,2.3,0.0,6.9,0.0,332.0,0.0,2.2,0.3,5.0,0.0,1.8,0.0,0.5,0.0,0.8,0.1,1.7,0.0,139.9,108.6,174.2,0.0,156.3,0.0,16.4,0.039
8475789,Jack Campbell,EDM,35.1,32.1,1,157.0,False,5.0,5.0,0.8726,0.11052941239917428,28.47044882073519,0.0,0.01944037192076685,4.5,False,FA,False,,False,False,False,,False,,False,,False,,False,,False,,False,,unsigned,4.5,4.5,257.5,122.2,13.5,0.8895,0.0,4.5,0.0,0.0,4.5,265.2,265.2,58.9,125.8,125.8,13.9,13.9,0.922,2.1,2.1,0.1,0.1,111.9,0.8895,3.14,0.5,1.9,0.3,4.7,84.2,142.6,0.0,0.1,0.0,21.7,0.8702,0.9089,2.59,3.69,0.0,4.5,0.0,21.7,0.0,0.0,0.0,4.5,0.0,265.2,0.0,2.1,0.3,4.7,0.0,1.9,0.0,0.5,0.0,0.1,0.0,0.1,0.0,111.9,84.2,142.6,0.0,125.8,0.0,13.9,0.039
8477361,Calvin Petersen,PHI,32.3,29.3,1,132.0,False,4.0,4.0,0.8636,0.11218676653880336,28.162595946693255,0.25,0.01944037192076685,3.9,False,FA,False,,False,False,False,,False,,False,,False,,False,,False,,False,,unsigned,3.9,4.9,279.4,131.1,14.7,0.8878,0.0,3.9,1.0,1.0,4.9,256.6,256.6,52.4,120.5,120.5,13.5,13.5,0.909,1.8,1.8,0.1,0.1,107.0,0.888,3.16,0.5,1.7,0.2,4.0,79.9,137.0,0.0,0.1,0.0,21.2,0.8686,0.9073,2.61,3.7,0.0,3.9,0.0,21.2,0.0,1.0,0.0,4.9,0.0,256.6,0.0,1.8,0.2,4.0,0.0,1.7,0.0,0.5,0.0,0.1,0.0,0.1,0.0,106.9,79.9,137.0,0.0,120.5,0.0,13.5,0.039
8476899,Matt Murray,SEA,32.7,31.4,2,160.0,False,4.0,6.0,0.91,0.10392128199083299,28.16257795199112,0.19736842105263158,0.01944037192076685,3.4,False,FA,False,,False,False,False,,False,,False,,False,,False,,False,,False,,unsigned,3.4,4.0,228.4,107.2,11.1,0.8961,0.0,3.4,0.7,0.7,4.0,214.3,214.3,53.6,100.6,100.6,10.5,10.5,0.981,1.6,1.6,0.1,0.1,90.1,0.8956,2.94,0.4,1.3,0.2,3.7,64.3,119.2,0.0,0.1,0.0,20.6,0.8763,0.915,2.39,3.48,0.0,3.4,0.0,20.6,0.0,0.7,0.0,4.0,0.0,214.3,0.0,1.6,0.2,3.7,0.0,1.3,0.0,0.4,0.0,0.1,0.0,0.1,0.0,90.1,64.3,119.2,0.0,100.6,0.0,10.5,0.039
8478433,Felix Sandstrom,PHI,30.1,27.1,1,96.0,False,3.0,3.0,0.8229,0.11460644217102525,27.967430672656718,0.6666666666666666,0.01944037192076685,3.6,False,FA,False,,False,False,False,,False,,False,,False,,False,,False,,False,,unsigned,3.6,5.9,337.5,157.3,18.0,0.8854,0.0,3.6,2.4,2.4,5.9,272.5,272.5,46.2,127.0,127.0,14.6,14.6,0.889,1.6,1.6,0.1,0.1,112.4,0.885,3.21,0.4,1.6,0.1,3.6,84.7,143.3,0.0,0.1,0.0,20.8,0.8657,0.9044,2.67,3.76,0.0,3.6,0.0,20.8,0.0,2.4,0.0,5.9,0.0,272.5,0.0,1.6,0.1,3.6,0.0,1.6,0.0,0.4,0.0,0.1,0.0,0.1,0.0,112.5,84.7,143.3,0.0,127.0,0.0,14.6,0.039
8482123,Drew Commesso,CHI,24.5,23.4,2,111.0,False,3.0,4.0,0.9055,0.10124810516733025,28.10830628564416,0.3076923076923077,0.15790191038230533,3.1,False,FA,False,,False,False,False,,False,,False,,False,,False,,False,,False,,unsigned,3.1,4.0,227.0,106.4,10.8,0.8988,0.0,3.1,0.9,0.9,4.0,204.1,204.1,51.0,95.6,95.6,9.7,9.7,1.007,1.5,1.5,0.5,0.5,85.9,0.8985,2.85,0.4,1.2,0.1,3.5,60.3,115.0,0.0,1.1,0.0,20.3,0.8792,0.9179,2.31,3.39,0.0,3.1,0.0,20.3,0.0,0.9,0.0,4.0,0.0,204.1,0.0,1.5,0.1,3.5,0.0,1.2,0.0,0.4,0.0,0.5,0.0,1.1,0.0,85.9,60.3,115.0,0.0,95.6,0.0,9.7,0.039
8481529,Trent Miner,COL,26.0,24.8,2,137.0,False,3.0,4.0,0.9153,0.10001939930151701,28.041416559001696,0.5,0.16944037192076683,2.8,False,FA,False,,False,False,False,,False,,False,,False,,False,,False,,False,,unsigned,2.8,4.1,235.2,109.9,11.0,0.9,0.0,2.8,1.4,1.4,4.1,198.6,198.6,48.4,92.8,92.8,9.3,9.3,1.019,1.4,1.4,0.5,0.5,83.5,0.8998,2.81,0.3,1.0,0.1,3.2,58.0,112.6,0.0,1.1,0.0,20.0,0.8804,0.9191,2.27,3.35,0.0,2.8,0.0,20.0,0.0,1.4,0.0,4.1,0.0,198.6,0.0,1.4,0.1,3.2,0.0,1.0,0.0,0.3,0.0,0.5,0.0,1.1,0.0,83.6,58.0,112.6,0.0,92.8,0.0,9.3,0.039
8483668,Nikke Kokko,SEA,22.9,21.8,2,88.0,False,3.0,3.0,0.8798,0.10328262352604854,28.114315242225658,0.18181818181818182,0.01944037192076685,2.5,False,FA,False,,False,False,False,,False,,False,,False,,False,,False,,False,,unsigned,2.5,3.0,170.7,80.0,8.3,0.8967,0.0,2.5,0.5,0.5,3.0,161.1,161.1,53.7,75.5,75.5,7.8,7.8,0.987,1.3,1.3,0.0,0.0,67.7,0.8967,2.91,0.3,1.0,0.1,2.8,42.9,96.6,0.0,0.1,0.0,19.8,0.8773,0.916,2.36,3.45,0.0,2.5,0.0,19.8,0.0,0.5,0.0,3.0,0.0,161.1,0.0,1.3,0.1,2.8,0.0,1.0,0.0,0.3,0.0,0.0,0.0,0.1,0.0,67.7,42.9,96.6,0.0,75.5,0.0,7.8,0.039
8480238,Jiri Patera,VAN,27.9,25.7,2,236.0,False,1.0,6.0,0.8671,0.10960281885346948,28.87408590865179,0.13333333333333336,0.01944037192076685,2.3,False,FA,False,,False,False,False,,False,,False,,False,,False,,False,,False,,unsigned,2.3,2.6,149.3,71.9,7.9,0.8904,0.0,2.3,0.3,0.3,2.6,144.0,144.0,55.4,69.3,69.3,7.6,7.6,0.93,1.1,1.1,0.0,0.0,61.7,0.8903,3.17,0.3,1.0,0.1,2.4,37.3,90.6,0.0,0.0,0.0,19.5,0.871,0.9097,2.61,3.72,0.0,2.3,0.0,19.5,0.0,0.3,0.0,2.6,0.0,144.0,0.0,1.1,0.1,2.4,0.0,1.0,0.0,0.3,0.0,0.0,0.0,0.0,0.0,61.7,37.3,90.6,0.0,69.3,0.0,7.6,0.039
8482515,Artur Akhtyamov,TOR,25.3,24.3,1,81.0,False,2.0,2.0,0.8642,0.10425581146324552,28.394861760551652,0.5,0.01944037192076685,2.1,False,FA,False,,False,False,False,,False,,False,,False,,False,,False,,False,,unsigned,2.1,3.2,181.6,85.9,9.0,0.8957,0.0,2.1,1.1,1.1,3.2,153.4,153.4,47.9,72.6,72.6,7.6,7.6,0.978,1.0,1.0,0.0,0.0,65.0,0.8953,2.97,0.2,0.8,0.0,2.3,40.4,93.9,0.0,0.0,0.0,19.4,0.876,0.9147,2.42,3.52,0.0,2.1,0.0,19.4,0.0,1.1,0.0,3.2,0.0,153.4,0.0,1.0,0.0,2.3,0.0,0.8,0.0,0.2,0.0,0.0,0.0,0.0,0.0,65.0,40.4,93.9,0.0,72.6,0.0,7.6,0.039
8476904,Chris Driedger,SEA,32.7,29.7,1,60.0,False,2.0,2.0,0.9167,0.10694877805271945,28.180063593792532,0.0,0.01944037192076685,1.9,False,FA,False,,False,False,False,,False,,False,,False,,False,,False,,False,,unsigned,1.9,1.9,110.8,52.0,5.6,0.8931,0.0,1.9,0.0,0.0,1.9,114.1,114.1,60.1,53.6,53.6,5.7,5.7,0.953,0.9,0.9,0.0,0.0,47.9,0.8937,3.0,0.2,0.8,0.0,2.0,24.8,76.2,0.0,0.0,0.0,19.2,0.8743,0.913,2.45,3.54,0.0,1.9,0.0,19.2,0.0,0.0,0.0,1.9,0.0,114.1,0.0,0.9,0.0,2.0,0.0,0.8,0.0,0.2,0.0,0.0,0.0,0.0,0.0,47.8,24.8,76.2,0.0,53.6,0.0,5.7,0.039
8481544,Mads Sogaard,OTT,26.1,24.1,3,211.0,False,1.0,7.0,0.8359,0.11193623520958412,28.12707921351649,0.7,0.01944037192076685,1.8,False,FA,False,,False,False,False,,False,,False,,False,,False,,False,,False,,unsigned,1.8,3.1,175.5,82.3,9.2,0.8881,0.0,1.8,1.3,1.3,3.1,140.6,140.6,45.4,65.9,65.9,7.4,7.4,0.911,0.8,0.8,0.0,0.0,58.5,0.8877,3.16,0.2,0.8,0.0,1.8,34.4,87.3,0.0,0.0,0.0,19.0,0.8684,0.9071,2.61,3.7,0.0,1.8,0.0,19.0,0.0,1.3,0.0,3.1,0.0,140.6,0.0,0.8,0.0,1.8,0.0,0.8,0.0,0.2,0.0,0.0,0.0,0.0,0.0,58.5,34.4,87.3,0.0,65.9,0.0,7.4,0.039
8477831,Pheonix Copley,LAK,35.0,32.7,3,217.0,False,1.0,9.0,0.8737,0.10937814088883899,27.999047268540235,0.15384615384615385,0.065594218074613,1.5,False,FA,False,,False,False,False,,False,,False,,False,,False,,False,,False,,unsigned,1.5,1.8,100.4,46.9,5.1,0.8906,0.0,1.5,0.2,0.2,1.8,96.0,96.0,53.3,44.8,44.8,4.9,4.9,0.932,0.7,0.7,0.1,0.1,39.9,0.8906,3.06,0.2,0.6,0.0,1.5,18.0,67.6,0.0,0.1,0.0,18.8,0.8713,0.91,2.52,3.6,0.0,1.5,0.0,18.8,0.0,0.2,0.0,1.8,0.0,96.0,0.0,0.7,0.0,1.5,0.0,0.6,0.0,0.2,0.0,0.1,0.0,0.1,0.0,39.9,18.0,67.6,0.0,44.8,0.0,4.9,0.039
8481707,Erik Portillo,LAK,26.4,24.4,1,29.0,False,1.0,1.0,0.9655,0.10020027753595478,28.158482790985378,0.0,0.01944037192076685,1.2,False,FA,False,,False,False,False,,False,,False,,False,,False,,False,,False,,unsigned,1.2,1.2,67.9,31.9,3.2,0.8998,0.0,1.2,0.0,0.0,1.2,69.9,69.9,58.3,32.8,32.8,3.3,3.3,1.017,0.6,0.6,0.0,0.0,29.5,0.8994,2.83,0.1,0.4,0.0,1.2,10.1,55.5,0.0,0.0,0.0,18.7,0.88,0.9187,2.29,3.38,0.0,1.2,0.0,18.7,0.0,0.0,0.0,1.2,0.0,69.9,0.0,0.6,0.0,1.2,0.0,0.4,0.0,0.1,0.0,0.0,0.0,0.0,0.0,29.5,10.1,55.5,0.0,32.8,0.0,3.3,0.039
8480885,Olivier Rodrigue,EDM,26.6,24.6,1,29.0,False,1.0,1.0,0.8621,0.10285749631363414,28.09568625112696,1.0,0.01944037192076685,1.1,False,FA,False,,False,False,False,,False,,False,,False,,False,,False,,False,,unsigned,1.1,2.3,130.3,61.0,6.3,0.8971,0.0,1.1,1.1,1.1,2.3,98.0,98.0,42.6,45.9,45.9,4.7,4.7,0.991,0.6,0.6,0.0,0.0,41.2,0.8976,2.88,0.1,0.4,0.0,1.1,19.1,69.0,0.0,0.0,0.0,18.7,0.8783,0.917,2.33,3.42,0.0,1.1,0.0,18.7,0.0,1.1,0.0,2.3,0.0,98.0,0.0,0.6,0.0,1.1,0.0,0.4,0.0,0.1,0.0,0.0,0.0,0.0,0.0,41.2,19.1,69.0,0.0,45.9,0.0,4.7,0.039
8480191,Matt Villalta,UTA,27.7,25.5,3,91.0,False,1.0,3.0,0.8889,0.10473421307308477,28.186986473755283,0.3333333333333333,0.01944037192076685,1.3,False,FA,False,,False,False,False,,False,,False,,False,,False,,False,,False,,unsigned,1.3,1.7,98.0,46.0,4.8,0.8953,0.0,1.3,0.4,0.4,1.7,87.3,87.3,51.4,41.0,41.0,4.3,4.3,0.973,0.6,0.6,0.0,0.0,36.7,0.8951,2.96,0.1,0.5,0.0,1.2,15.5,64.1,0.0,0.0,0.0,18.7,0.8758,0.9145,2.41,3.5,0.0,1.3,0.0,18.7,0.0,0.4,0.0,1.7,0.0,87.3,0.0,0.6,0.0,1.2,0.0,0.5,0.0,0.1,0.0,0.0,0.0,0.0,0.0,36.7,15.5,64.1,0.0,41.0,0.0,4.3,0.039
8482949,Arsenii Sergeev,CGY,24.1,23.1,1,28.0,False,1.0,1.0,0.9643,0.10028910756923134,28.143852733815933,0.0,0.01944037192076685,1.1,False,FA,False,,False,False,False,,False,,False,,False,,False,,False,,False,,unsigned,1.1,1.1,64.4,30.2,3.0,0.8997,0.0,1.1,0.0,0.0,1.1,66.3,66.3,60.3,31.1,31.1,3.1,3.1,1.016,0.6,0.6,0.0,0.0,28.0,0.9003,2.81,0.1,0.4,0.0,1.1,9.1,53.5,0.0,0.0,0.0,18.7,0.881,0.9197,2.26,3.35,0.0,1.1,0.0,18.7,0.0,0.0,0.0,1.1,0.0,66.3,0.0,0.6,0.0,1.1,0.0,0.4,0.0,0.1,0.0,0.0,0.0,0.0,0.0,28.0,9.1,53.5,0.0,31.1,0.0,3.1,0.039
8483114,Thomas Milic,WPG,23.8,22.8,1,62.0,False,1.0,1.0,0.871,0.10337875502417637,28.12088371486547,2.0,0.01944037192076685,1.1,False,FA,False,,False,False,False,,False,,False,,False,,False,,False,,False,,unsigned,1.1,3.4,193.3,90.6,9.4,0.8966,0.0,1.1,2.3,2.3,3.4,127.5,127.5,37.5,59.8,59.8,6.2,6.2,0.986,0.6,0.6,0.0,0.0,53.6,0.8963,2.92,0.1,0.4,0.0,1.1,29.9,82.2,0.0,0.0,0.0,18.7,0.877,0.9157,2.37,3.46,0.0,1.1,0.0,18.7,0.0,2.3,0.0,3.4,0.0,127.5,0.0,0.6,0.0,1.1,0.0,0.4,0.0,0.1,0.0,0.0,0.0,0.0,0.0,53.6,29.9,82.2,0.0,59.8,0.0,6.2,0.039
8480819,Jakub Skarek,NYI,27.2,25.2,1,39.0,False,1.0,1.0,0.8718,0.10283240854968652,28.175251890079647,1.0,0.01944037192076685,1.1,False,FA,False,,False,False,False,,False,,False,,False,,False,,False,,False,,unsigned,1.1,2.3,130.3,61.2,6.3,0.8972,0.0,1.1,1.1,1.1,2.3,98.0,98.0,42.6,46.0,46.0,4.7,4.7,0.991,0.6,0.6,0.0,0.0,41.3,0.8978,2.88,0.1,0.4,0.0,1.1,19.2,69.1,0.0,0.0,0.0,18.7,0.8785,0.9172,2.33,3.42,0.0,1.1,0.0,18.7,0.0,1.1,0.0,2.3,0.0,98.0,0.0,0.6,0.0,1.1,0.0,0.4,0.0,0.1,0.0,0.0,0.0,0.0,0.0,41.3,19.2,69.1,0.0,46.0,0.0,4.7,0.039
8476876,Malcolm Subban,CBJ,33.1,30.1,1,35.0,False,1.0,1.0,0.9143,0.10743803721546263,28.217014062410623,0.0,0.01944037192076685,1.0,False,FA,False,,False,False,False,,False,,False,,False,,False,,False,,False,,unsigned,1.0,1.0,56.9,26.8,2.9,0.8926,0.0,1.0,0.0,0.0,1.0,58.6,58.6,58.6,27.5,27.5,3.0,3.0,0.949,0.5,0.5,0.0,0.0,24.5,0.8909,3.07,0.1,0.4,0.0,0.9,6.9,49.0,0.0,0.0,0.0,18.7,0.8716,0.9103,2.53,3.62,0.0,1.0,0.0,18.7,0.0,0.0,0.0,1.0,0.0,58.6,0.0,0.5,0.0,0.9,0.0,0.4,0.0,0.1,0.0,0.0,0.0,0.0,0.0,24.6,6.9,49.0,0.0,27.5,0.0,3.0,0.039
8474636,Michael Hutchinson,DET,36.9,33.9,1,36.0,False,1.0,1.0,0.9167,0.1103829257848117,28.244625484970808,0.0,0.01944037192076685,1.0,False,FA,False,,False,False,False,,False,,False,,False,,False,,False,,False,,unsigned,1.0,1.0,56.9,26.8,3.0,0.8896,0.0,1.0,0.0,0.0,1.0,58.6,58.6,58.6,27.6,27.6,3.0,3.0,0.923,0.5,0.5,0.0,0.0,24.6,0.8913,3.07,0.1,0.4,0.0,0.8,6.8,48.9,0.0,0.0,0.0,18.7,0.872,0.9107,2.52,3.62,0.0,1.0,0.0,18.7,0.0,0.0,0.0,1.0,0.0,58.6,0.0,0.5,0.0,0.8,0.0,0.4,0.0,0.1,0.0,0.0,0.0,0.0,0.0,24.5,6.8,48.9,0.0,27.6,0.0,3.0,0.039
8478965,Kenneth Appleby,NYI,31.8,28.8,1,8.0,False,0.0,0.0,0.75,0.10940398651317657,28.13504894139644,1.0,0.01944037192076685,1.0,False,FA,False,,False,False,False,,False,,False,,False,,False,,False,,False,,unsigned,1.0,2.0,113.8,53.4,5.8,0.8906,0.0,1.0,1.0,1.0,2.0,85.6,85.6,42.8,40.1,40.1,4.4,4.4,0.932,0.5,0.5,0.0,0.0,35.7,0.8903,3.08,0.1,0.4,0.0,0.8,14.7,62.9,0.0,0.0,0.0,18.7,0.8709,0.9096,2.54,3.63,0.0,1.0,0.0,18.7,0.0,1.0,0.0,2.0,0.0,85.6,0.0,0.5,0.0,0.8,0.0,0.4,0.0,0.1,0.0,0.0,0.0,0.0,0.0,35.7,14.7,62.9,0.0,40.1,0.0,4.4,0.039
8478848,Ales Stezka,SEA,30.1,28.1,1,23.0,False,1.0,1.0,0.8696,0.10664079220639874,28.114010287045957,0.0,0.01944037192076685,1.1,False,FA,False,,False,False,False,,False,,False,,False,,False,,False,,False,,unsigned,1.1,1.1,59.8,28.0,3.0,0.8934,0.0,1.1,0.0,0.0,1.1,61.6,61.6,56.0,28.9,28.9,3.1,3.1,0.956,0.5,0.5,0.0,0.0,25.8,0.8927,3.02,0.1,0.4,0.0,0.9,7.6,50.6,0.0,0.0,0.0,18.7,0.8734,0.9121,2.47,3.56,0.0,1.1,0.0,18.7,0.0,0.0,0.0,1.1,0.0,61.6,0.0,0.5,0.0,0.9,0.0,0.4,0.0,0.1,0.0,0.0,0.0,0.0,0.0,25.8,7.6,50.6,0.0,28.9,0.0,3.1,0.039
8477990,Brandon Halverson,TBL,30.8,29.4,2,45.0,False,1.0,2.0,0.8018,0.11052408928877544,28.080128093009552,0.75,0.01944037192076685,1.0,False,FA,False,,False,False,False,,False,,False,,False,,False,,False,,False,,unsigned,1.0,1.8,100.3,47.0,5.2,0.8895,0.0,1.0,0.8,0.8,1.8,79.5,79.5,44.2,37.2,37.2,4.1,4.1,0.922,0.5,0.5,0.0,0.0,33.1,0.8898,3.09,0.1,0.4,0.0,0.8,12.7,59.8,0.0,0.0,0.0,18.7,0.8704,0.9091,2.55,3.64,0.0,1.0,0.0,18.7,0.0,0.8,0.0,1.8,0.0,79.5,0.0,0.5,0.0,0.8,0.0,0.4,0.0,0.1,0.0,0.0,0.0,0.0,0.0,33.1,12.7,59.8,0.0,37.2,0.0,4.1,0.039
8476433,Magnus Hellberg,PIT,35.8,32.8,1,64.0,False,1.0,1.0,0.9219,0.10585134902768638,28.21900563226423,2.0,0.01944037192076685,1.0,False,FA,False,,False,False,False,,False,,False,,False,,False,,False,,False,,unsigned,1.0,3.0,170.7,80.3,8.5,0.8941,0.0,1.0,2.0,2.0,3.0,112.6,112.6,37.5,52.9,52.9,5.6,5.6,0.963,0.5,0.5,0.0,0.0,47.3,0.8941,2.98,0.1,0.4,0.0,0.9,24.4,75.7,0.0,0.0,0.0,18.7,0.8748,0.9135,2.44,3.53,0.0,1.0,0.0,18.7,0.0,2.0,0.0,3.0,0.0,112.6,0.0,0.5,0.0,0.9,0.0,0.4,0.0,0.1,0.0,0.0,0.0,0.0,0.0,47.3,24.4,75.7,0.0,52.9,0.0,5.6,0.039
8475839,Louis Domingue,NYR,34.9,32.6,2,53.0,False,1.0,2.0,0.9375,0.10335936828653376,28.121836235651482,0.0,0.01944037192076685,1.0,False,FA,False,,False,False,False,,False,,False,,False,,False,,False,,False,,unsigned,1.0,1.0,56.9,26.7,2.8,0.8966,0.0,1.0,0.0,0.0,1.0,58.6,58.6,58.6,27.5,27.5,2.8,2.8,0.986,0.5,0.5,0.0,0.0,24.7,0.8982,2.87,0.1,0.4,0.0,0.9,6.9,49.0,0.0,0.0,0.0,18.7,0.8788,0.9175,2.32,3.41,0.0,1.0,0.0,18.7,0.0,0.0,0.0,1.0,0.0,58.6,0.0,0.5,0.0,0.9,0.0,0.4,0.0,0.1,0.0,0.0,0.0,0.0,0.0,24.6,6.9,49.0,0.0,27.5,0.0,2.8,0.039
8483746,Vyacheslav Buteyets,ANA,24.7,23.7,1,13.0,False,0.0,0.0,0.7692,0.10343765798570795,28.187667340217153,1.0,0.01944037192076685,1.0,False,FA,False,,False,False,False,,False,,False,,False,,False,,False,,False,,unsigned,1.0,2.0,113.8,53.5,5.5,0.8966,0.0,1.0,1.0,1.0,2.0,85.6,85.6,42.8,40.2,40.2,4.2,4.2,0.985,0.5,0.5,0.0,0.0,36.0,0.8955,2.94,0.1,0.4,0.0,0.9,15.0,63.3,0.0,0.0,0.0,18.7,0.8762,0.9149,2.4,3.49,0.0,1.0,0.0,18.7,0.0,1.0,0.0,2.0,0.0,85.6,0.0,0.5,0.0,0.9,0.0,0.4,0.0,0.1,0.0,0.0,0.0,0.0,0.0,36.0,15.0,63.3,0.0,40.2,0.0,4.2,0.039
8484910,Victor Ostman,SEA,26.3,25.1,2,47.0,False,1.0,1.0,0.9535,0.09966186560568514,28.26377299385473,0.4,0.01944037192076685,1.0,False,FA,False,,False,False,False,,False,,False,,False,,False,,False,,False,,unsigned,1.0,1.4,79.6,37.5,3.7,0.9003,0.0,1.0,0.4,0.4,1.4,69.4,69.4,49.6,32.7,32.7,3.3,3.3,1.023,0.5,0.5,0.0,0.0,29.4,0.8991,2.85,0.1,0.4,0.0,1.0,10.0,55.4,0.0,0.0,0.0,18.7,0.8797,0.9184,2.31,3.4,0.0,1.0,0.0,18.7,0.0,0.4,0.0,1.4,0.0,69.4,0.0,0.5,0.0,1.0,0.0,0.4,0.0,0.1,0.0,0.0,0.0,0.0,0.0,29.4,10.0,55.4,0.0,32.7,0.0,3.3,0.039
8482411,Hunter Shepard,OTT,31.2,28.8,3,161.0,False,0.0,5.0,0.8436,0.1138388627212834,28.110974360638718,0.3333333333333333,0.01944037192076685,1.0,False,FA,False,,False,False,False,,False,,False,,False,,False,,False,,False,,unsigned,1.0,1.3,75.9,35.5,4.0,0.8862,0.0,1.0,0.3,0.3,1.3,67.6,67.6,52.0,31.7,31.7,3.6,3.6,0.895,0.4,0.4,0.0,0.0,28.1,0.8864,3.2,0.1,0.4,0.0,0.8,9.1,53.6,0.0,0.0,0.0,18.7,0.8671,0.9058,2.65,3.74,0.0,1.0,0.0,18.7,0.0,0.3,0.0,1.3,0.0,67.6,0.0,0.4,0.0,0.8,0.0,0.4,0.0,0.1,0.0,0.0,0.0,0.0,0.0,28.1,9.1,53.6,0.0,31.7,0.0,3.6,0.039
